Year,Category,MatchSec,Date,DayOfWeek,HomeE,HomeJ,AwayE,AwayJ,HomeGoals,AwayGoals,MatchID,Venue,Attendance
2021,Ｊ１,第１節第１日,2021/2/26,金,kawasakif,川崎Ｆ,yokohamafm,横浜FM,2,0,24974,等々力,4868
2021,Ｊ１,第１節第２日,2021/2/27,土,urawa,浦和,ftokyo,FC東京,1,1,24976,埼玉,4943
2021,Ｊ１,第１節第２日,2021/2/27,土,sapporo,札幌,yokohamafc,横浜FC,5,1,24975,札幌ド,11897
2021,Ｊ１,第１節第２日,2021/2/27,土,oita,大分,tokushima,徳島,1,1,24978,昭和電ド,7012
2021,Ｊ１,第１節第２日,2021/2/27,土,hiroshima,広島,sendai,仙台,1,1,24977,Ｅスタ,8820
2021,Ｊ１,第１節第２日,2021/2/27,土,kashima,鹿島,shimizu,清水,1,3,24979,カシマ,9312
2021,Ｊ１,第１節第２日,2021/2/27,土,shonan,湘南,tosu,鳥栖,0,1,24980,レモンＳ,4721
2021,Ｊ１,第１節第２日,2021/2/27,土,cosaka,Ｃ大阪,kashiwa,柏,2,0,24981,ヤンマー,4481
2021,Ｊ１,第１節第２日,2021/2/27,土,kobe,神戸,gosaka,Ｇ大阪,1,0,24982,ノエスタ,4636
2021,Ｊ２,第１節第１日,2021/2/27,土,nagasaki,長崎,kanazawa,金沢,2,1,25355,トラスタ,6436
2021,Ｊ２,第１節第１日,2021/2/27,土,kitakyushu,北九州,niigata,新潟,1,4,25354,ミクスタ,3447
2021,Ｊ１,第１節第３日,2021/2/28,日,fukuoka,福岡,nagoya,名古屋,1,2,24983,ベススタ,4991
2021,Ｊ２,第１節第２日,2021/2/28,日,sagamihara,相模原,kyoto,京都,0,2,25356,ギオンス,2470
2021,Ｊ２,第１節第２日,2021/2/28,日,mito,水戸,omiya,大宮,1,2,25357,Ｋｓスタ,3312
2021,Ｊ２,第１節第２日,2021/2/28,日,chiba,千葉,kofu,甲府,1,1,25360,フクアリ,3798
2021,Ｊ２,第１節第２日,2021/2/28,日,kusatsu,群馬,akita,秋田,2,1,25359,正田スタ,3415
2021,Ｊ２,第１節第２日,2021/2/28,日,machida,町田,yamagata,山形,1,1,25361,Ｇスタ,2618
2021,Ｊ２,第１節第２日,2021/2/28,日,tochigi,栃木,okayama,岡山,0,2,25358,カンセキ,4616
2021,Ｊ２,第１節第２日,2021/2/28,日,tokyov,東京Ｖ,ehime,愛媛,3,0,25362,味スタ,3411
2021,Ｊ２,第１節第２日,2021/2/28,日,ryukyu,琉球,iwata,磐田,1,0,25363,タピスタ,3871
2021,Ｊ２,第１節第２日,2021/2/28,日,yamaguchi,山口,matsumoto,松本,0,0,25364,みらスタ,4862
2021,Ｊ１,第１１節第１日,2021/3/3,水,kawasakif,川崎Ｆ,cosaka,Ｃ大阪,3,2,25074,等々力,4756
2021,Ｊ１,第２節第１日,2021/3/6,土,shimizu,清水,fukuoka,福岡,2,2,24986,アイスタ,9063
2021,Ｊ１,第２節第１日,2021/3/6,土,ftokyo,FC東京,cosaka,Ｃ大阪,3,2,24985,味スタ,4768
2021,Ｊ１,第２節第１日,2021/3/6,土,tokushima,徳島,kobe,神戸,1,1,24987,鳴門大塚,7454
2021,Ｊ１,第２節第１日,2021/3/6,土,sendai,仙台,kawasakif,川崎Ｆ,1,5,24984,ユアスタ,9005
2021,Ｊ１,第２節第１日,2021/3/6,土,yokohamafc,横浜FC,oita,大分,1,2,24988,ニッパツ,4422
2021,Ｊ１,第２節第１日,2021/3/6,土,tosu,鳥栖,urawa,浦和,2,0,24990,駅スタ,7452
2021,Ｊ１,第２節第１日,2021/3/6,土,kashiwa,柏,shonan,湘南,2,1,24991,三協Ｆ柏,3898
2021,Ｊ１,第２節第１日,2021/3/6,土,nagoya,名古屋,sapporo,札幌,1,0,24992,豊田ス,9846
2021,Ｊ２,第２節第１日,2021/3/6,土,niigata,新潟,nagasaki,長崎,1,0,25365,デンカＳ,9442
2021,Ｊ２,第２節第１日,2021/3/6,土,omiya,大宮,kofu,甲府,0,2,25366,ＮＡＣＫ,4000
2021,Ｊ２,第２節第１日,2021/3/6,土,kitakyushu,北九州,mito,水戸,1,2,25368,ミクスタ,2504
2021,Ｊ２,第２節第１日,2021/3/6,土,iwata,磐田,machida,町田,1,3,25367,ヤマハ,6791
2021,Ｊ２,第２節第１日,2021/3/6,土,ryukyu,琉球,yamaguchi,山口,2,1,25369,タピスタ,1086
2021,Ｊ１,第２節第２日,2021/3/7,日,yokohamafm,横浜FM,hiroshima,広島,3,3,24993,日産ス,4906
2021,Ｊ２,第２節第２日,2021/3/7,日,sagamihara,相模原,kusatsu,群馬,0,0,25370,ギオンス,1268
2021,Ｊ２,第２節第２日,2021/3/7,日,okayama,岡山,kanazawa,金沢,0,1,25373,Ｃスタ,5788
2021,Ｊ２,第２節第２日,2021/3/7,日,kyoto,京都,matsumoto,松本,0,0,25372,サンガＳ,6556
2021,Ｊ２,第２節第２日,2021/3/7,日,tochigi,栃木,akita,秋田,0,1,25371,カンセキ,3706
2021,Ｊ２,第２節第２日,2021/3/7,日,ehime,愛媛,chiba,千葉,1,1,25374,ニンスタ,2393
2021,Ｊ２,第２節第２日,2021/3/7,日,tokyov,東京Ｖ,yamagata,山形,0,2,25375,味スタ,2709
2021,Ｊ１,第３節第１日,2021/3/10,水,kashiwa,柏,nagoya,名古屋,0,1,24996,三協Ｆ柏,2877
2021,Ｊ１,第３節第１日,2021/3/10,水,urawa,浦和,yokohamafc,横浜FC,2,0,25003,埼玉,4524
2021,Ｊ１,第３節第１日,2021/3/10,水,ftokyo,FC東京,kobe,神戸,2,3,24997,味スタ,4707
2021,Ｊ１,第３節第１日,2021/3/10,水,fukuoka,福岡,yokohamafm,横浜FM,1,3,24994,ベススタ,4607
2021,Ｊ１,第３節第１日,2021/3/10,水,hiroshima,広島,sapporo,札幌,2,1,25001,Ｅスタ,3821
2021,Ｊ１,第３節第１日,2021/3/10,水,kashima,鹿島,shonan,湘南,3,1,24995,カシマ,4546
2021,Ｊ１,第３節第１日,2021/3/10,水,cosaka,Ｃ大阪,shimizu,清水,2,1,25000,ヤンマー,6063
2021,Ｊ１,第３節第１日,2021/3/10,水,kawasakif,川崎Ｆ,tokushima,徳島,2,0,24998,等々力,4853
2021,Ｊ１,第３節第１日,2021/3/10,水,tosu,鳥栖,sendai,仙台,5,0,25002,駅スタ,4604
2021,Ｊ１,第４節第１日,2021/3/13,土,tokushima,徳島,fukuoka,福岡,1,2,25006,鳴門大塚,4203
2021,Ｊ１,第４節第１日,2021/3/13,土,yokohamafc,横浜FC,cosaka,Ｃ大阪,1,4,25005,ニッパツ,2857
2021,Ｊ１,第４節第１日,2021/3/13,土,kashima,鹿島,hiroshima,広島,1,1,25008,カシマ,6829
2021,Ｊ１,第４節第１日,2021/3/13,土,shonan,湘南,sendai,仙台,3,1,25007,レモンＳ,3642
2021,Ｊ１,第４節第１日,2021/3/13,土,kawasakif,川崎Ｆ,kashiwa,柏,1,0,25010,等々力,4744
2021,Ｊ１,第４節第１日,2021/3/13,土,kobe,神戸,nagoya,名古屋,0,1,25009,ノエスタ,8934
2021,Ｊ２,第３節第１日,2021/3/13,土,nagasaki,長崎,ehime,愛媛,1,1,25379,トラスタ,5490
2021,Ｊ２,第３節第１日,2021/3/13,土,yamaguchi,山口,niigata,新潟,1,2,25378,みらスタ,3045
2021,Ｊ２,第３節第１日,2021/3/13,土,iwata,磐田,mito,水戸,3,2,25377,ヤマハ,3878
2021,Ｊ１,第４節第２日,2021/3/14,日,yokohamafm,横浜FM,urawa,浦和,3,0,25011,日産ス,4864
2021,Ｊ１,第４節第２日,2021/3/14,日,shimizu,清水,tosu,鳥栖,0,0,25012,アイスタ,7715
2021,Ｊ１,第４節第２日,2021/3/14,日,oita,大分,ftokyo,FC東京,1,1,25013,昭和電ド,9590
2021,Ｊ２,第３節第２日,2021/3/14,日,machida,町田,tokyov,東京Ｖ,2,2,25382,Ｇスタ,2598
2021,Ｊ２,第３節第２日,2021/3/14,日,matsumoto,松本,yamagata,山形,1,1,25384,サンアル,7718
2021,Ｊ２,第３節第２日,2021/3/14,日,kanazawa,金沢,kitakyushu,北九州,1,1,25385,石川西部,2707
2021,Ｊ２,第３節第２日,2021/3/14,日,kusatsu,群馬,ryukyu,琉球,0,2,25380,正田スタ,2258
2021,Ｊ２,第３節第２日,2021/3/14,日,chiba,千葉,akita,秋田,0,2,25381,フクアリ,3969
2021,Ｊ２,第３節第２日,2021/3/14,日,okayama,岡山,sagamihara,相模原,0,0,25386,Ｃスタ,6091
2021,Ｊ２,第３節第２日,2021/3/14,日,kofu,甲府,tochigi,栃木,2,1,25383,ＪＩＴス,5146
2021,Ｊ３,第１節第１日,2021/3/14,日,ysyokohama,YS横浜,toyama,富山,0,1,25817,ニッパツ,1239
2021,Ｊ３,第１節第１日,2021/3/14,日,miyazaki,宮崎,morioka,岩手,0,1,25819,ユニスタ,1786
2021,Ｊ３,第１節第１日,2021/3/14,日,fukushima,福島,fujieda,藤枝,0,0,25816,とうスタ,1191
2021,Ｊ３,第１節第１日,2021/3/14,日,imabari,今治,kumamoto,熊本,0,1,25818,夢スタ,2236
2021,Ｊ３,第１節第１日,2021/3/14,日,sanuki,讃岐,nagano,長野,0,2,25821,ピカスタ,2240
2021,Ｊ３,第１節第１日,2021/3/14,日,kagoshima,鹿児島,tottori,鳥取,2,3,25822,白波スタ,4850
2021,Ｊ３,第１節第１日,2021/3/14,日,gifu,岐阜,hachinohe,八戸,0,0,25820,長良川,4519
2021,Ｊ１,第５節第１日,2021/3/17,水,ftokyo,FC東京,shonan,湘南,3,2,25014,味スタ,4133
2021,Ｊ１,第５節第１日,2021/3/17,水,fukuoka,福岡,kashima,鹿島,1,0,25019,ベススタ,4510
2021,Ｊ１,第５節第１日,2021/3/17,水,urawa,浦和,sapporo,札幌,0,0,25017,埼玉,4571
2021,Ｊ１,第５節第１日,2021/3/17,水,yokohamafm,横浜FM,tokushima,徳島,1,0,25021,ニッパツ,4787
2021,Ｊ１,第５節第１日,2021/3/17,水,nagoya,名古屋,yokohamafc,横浜FC,3,0,25018,豊田ス,8457
2021,Ｊ１,第５節第１日,2021/3/17,水,tosu,鳥栖,kashiwa,柏,2,0,25023,駅スタ,5119
2021,Ｊ１,第５節第１日,2021/3/17,水,cosaka,Ｃ大阪,oita,大分,1,0,25022,ヤンマー,5230
2021,Ｊ１,第５節第１日,2021/3/17,水,hiroshima,広島,shimizu,清水,1,0,25016,Ｅスタ,4145
2021,Ｊ１,第５節第１日,2021/3/17,水,kobe,神戸,kawasakif,川崎Ｆ,1,1,25015,ノエスタ,7446
2021,Ｊ１,第６節第１日,2021/3/20,土・祝,sapporo,札幌,kobe,神戸,3,4,25024,札幌ド,9512
2021,Ｊ２,第４節第１日,2021/3/20,土・祝,niigata,新潟,kusatsu,群馬,3,1,25387,デンカＳ,9329
2021,Ｊ２,第４節第１日,2021/3/20,土・祝,ryukyu,琉球,nagasaki,長崎,3,1,25389,タピスタ,1917
2021,Ｊ２,第４節第１日,2021/3/20,土・祝,tokyov,東京Ｖ,kanazawa,金沢,2,4,25388,味スタ,2245
2021,Ｊ３,第２節第１日,2021/3/20,土・祝,fukushima,福島,ysyokohama,YS横浜,2,1,25823,とうスタ,526
2021,Ｊ３,第２節第１日,2021/3/20,土・祝,numazu,沼津,imabari,今治,1,0,25824,愛鷹,1727
2021,Ｊ３,第２節第１日,2021/3/20,土・祝,kumamoto,熊本,kagoshima,鹿児島,2,2,25825,えがおＳ,3128
2021,Ｊ１,第６節第２日,2021/3/21,日,ftokyo,FC東京,sendai,仙台,2,1,25025,味スタ,4402
2021,Ｊ１,第６節第２日,2021/3/21,日,tosu,鳥栖,fukuoka,福岡,0,0,25028,駅スタ,9631
2021,Ｊ１,第６節第２日,2021/3/21,日,tokushima,徳島,yokohamafc,横浜FC,2,1,25027,鳴門大塚,5180
2021,Ｊ１,第６節第２日,2021/3/21,日,oita,大分,hiroshima,広島,1,3,25029,昭和電ド,6231
2021,Ｊ１,第６節第２日,2021/3/21,日,shonan,湘南,cosaka,Ｃ大阪,0,0,25031,レモンＳ,3585
2021,Ｊ１,第６節第２日,2021/3/21,日,urawa,浦和,kawasakif,川崎Ｆ,0,5,25030,埼玉,4679
2021,Ｊ１,第６節第２日,2021/3/21,日,kashima,鹿島,nagoya,名古屋,0,1,25032,カシマ,7809
2021,Ｊ１,第６節第２日,2021/3/21,日,kashiwa,柏,shimizu,清水,1,2,25033,三協Ｆ柏,3236
2021,Ｊ２,第４節第２日,2021/3/21,日,kyoto,京都,iwata,磐田,3,4,25394,サンガＳ,8024
2021,Ｊ２,第４節第２日,2021/3/21,日,yamagata,山形,tochigi,栃木,1,2,25391,ＮＤスタ,6242
2021,Ｊ２,第４節第２日,2021/3/21,日,matsumoto,松本,chiba,千葉,0,1,25393,サンアル,4143
2021,Ｊ２,第４節第２日,2021/3/21,日,ehime,愛媛,kofu,甲府,0,1,25396,ニンスタ,1593
2021,Ｊ２,第４節第２日,2021/3/21,日,kitakyushu,北九州,akita,秋田,1,1,25397,ミクスタ,2491
2021,Ｊ２,第４節第２日,2021/3/21,日,mito,水戸,machida,町田,3,0,25392,Ｋｓスタ,1400
2021,Ｊ２,第４節第２日,2021/3/21,日,sagamihara,相模原,omiya,大宮,2,1,25390,ギオンス,727
2021,Ｊ２,第４節第２日,2021/3/21,日,yamaguchi,山口,okayama,岡山,0,0,25395,みらスタ,3276
2021,Ｊ３,第２節第２日,2021/3/21,日,fujieda,藤枝,gifu,岐阜,1,3,25826,藤枝サ,1108
2021,Ｊ３,第２節第２日,2021/3/21,日,tottori,鳥取,morioka,岩手,1,1,25827,Ａｘｉｓ,1253
2021,Ｊ３,第２節第２日,2021/3/21,日,nagano,長野,miyazaki,宮崎,1,1,25828,長野Ｕ,2561
2021,Ｊ３,第２節第２日,2021/3/21,日,toyama,富山,hachinohe,八戸,2,1,25829,富山,2000
2021,Ｊ２,第３節第３日,2021/3/24,水,omiya,大宮,kyoto,京都,1,2,25376,ＮＡＣＫ,2531
2021,Ｊ２,第５節第１日,2021/3/27,土,chiba,千葉,ryukyu,琉球,1,2,25408,フクアリ,4169
2021,Ｊ２,第５節第１日,2021/3/27,土,iwata,磐田,yamaguchi,山口,1,2,25401,エコパ,5587
2021,Ｊ２,第５節第１日,2021/3/27,土,omiya,大宮,nagasaki,長崎,4,0,25398,ＮＡＣＫ,4510
2021,Ｊ２,第５節第１日,2021/3/27,土,kofu,甲府,machida,町田,0,1,25399,ＪＩＴス,5008
2021,Ｊ２,第５節第１日,2021/3/27,土,niigata,新潟,tokyov,東京Ｖ,7,0,25400,デンカＳ,10968
2021,Ｊ２,第５節第２日,2021/3/28,日,akita,秋田,kyoto,京都,1,0,25402,ソユスタ,3015
2021,Ｊ２,第５節第２日,2021/3/28,日,kusatsu,群馬,kitakyushu,北九州,0,2,25406,正田スタ,1319
2021,Ｊ２,第５節第２日,2021/3/28,日,yamagata,山形,okayama,岡山,0,1,25403,ＮＤスタ,3512
2021,Ｊ２,第５節第２日,2021/3/28,日,mito,水戸,matsumoto,松本,3,0,25404,Ｋｓスタ,2127
2021,Ｊ２,第５節第２日,2021/3/28,日,kanazawa,金沢,sagamihara,相模原,2,1,25407,石川西部,1758
2021,Ｊ２,第５節第２日,2021/3/28,日,tochigi,栃木,ehime,愛媛,2,1,25405,カンセキ,3891
2021,Ｊ３,第３節第１日,2021/3/28,日,ysyokohama,YS横浜,kumamoto,熊本,0,0,25832,ニッパツ,1117
2021,Ｊ３,第３節第１日,2021/3/28,日,kagoshima,鹿児島,fukushima,福島,2,0,25834,白波スタ,2946
2021,Ｊ３,第３節第１日,2021/3/28,日,imabari,今治,tottori,鳥取,2,0,25833,夢スタ,1392
2021,Ｊ３,第３節第１日,2021/3/28,日,hachinohe,八戸,numazu,沼津,1,0,25830,プラスタ,1367
2021,Ｊ３,第３節第１日,2021/3/28,日,morioka,岩手,nagano,長野,0,0,25831,いわスタ,1058
2021,Ｊ３,第３節第１日,2021/3/28,日,miyazaki,宮崎,toyama,富山,2,1,25836,ユニスタ,599
2021,Ｊ３,第３節第１日,2021/3/28,日,gifu,岐阜,sanuki,讃岐,4,0,25835,長良川,2450
2021,Ｊ１,第７節第１日,2021/4/2,金,cosaka,Ｃ大阪,tosu,鳥栖,1,0,25034,ヤンマー,7014
2021,Ｊ１,第７節第２日,2021/4/3,土,yokohamafm,横浜FM,shonan,湘南,1,1,25035,日産ス,9152
2021,Ｊ１,第７節第２日,2021/4/3,土,hiroshima,広島,gosaka,Ｇ大阪,0,0,25039,Ｅスタ,8665
2021,Ｊ１,第７節第２日,2021/4/3,土,nagoya,名古屋,ftokyo,FC東京,0,0,25038,豊田ス,15035
2021,Ｊ１,第７節第２日,2021/4/3,土,sendai,仙台,kobe,神戸,0,2,25036,ユアスタ,4619
2021,Ｊ１,第７節第２日,2021/4/3,土,fukuoka,福岡,sapporo,札幌,1,2,25040,ベススタ,4432
2021,Ｊ１,第７節第２日,2021/4/3,土,urawa,浦和,kashima,鹿島,2,1,25041,埼玉,9975
2021,Ｊ１,第７節第２日,2021/4/3,土,yokohamafc,横浜FC,kashiwa,柏,1,1,25037,ニッパツ,3941
2021,Ｊ１,第７節第２日,2021/4/3,土,kawasakif,川崎Ｆ,oita,大分,2,0,25042,等々力,9810
2021,Ｊ２,第６節第１日,2021/4/3,土,nagasaki,長崎,kofu,甲府,2,1,25410,トラスタ,4463
2021,Ｊ２,第６節第１日,2021/4/3,土,kitakyushu,北九州,yamagata,山形,0,0,25409,ミクスタ,2383
2021,Ｊ２,第６節第１日,2021/4/3,土,ryukyu,琉球,omiya,大宮,0,0,25411,タピスタ,2749
2021,Ｊ３,第４節第１日,2021/4/3,土,morioka,岩手,imabari,今治,3,2,25837,いわスタ,610
2021,Ｊ１,第７節第３日,2021/4/4,日,shimizu,清水,tokushima,徳島,0,3,25043,アイスタ,7464
2021,Ｊ２,第６節第２日,2021/4/4,日,sagamihara,相模原,niigata,新潟,2,2,25412,ギオンス,3420
2021,Ｊ２,第６節第２日,2021/4/4,日,okayama,岡山,iwata,磐田,0,1,25413,Ｃスタ,4614
2021,Ｊ２,第６節第２日,2021/4/4,日,kyoto,京都,chiba,千葉,2,1,25416,サンガＳ,4473
2021,Ｊ２,第６節第２日,2021/4/4,日,matsumoto,松本,akita,秋田,3,1,25415,サンアル,4825
2021,Ｊ２,第６節第２日,2021/4/4,日,yamaguchi,山口,tochigi,栃木,0,1,25417,みらスタ,2338
2021,Ｊ２,第６節第２日,2021/4/4,日,ehime,愛媛,kusatsu,群馬,1,2,25418,ニンスタ,826
2021,Ｊ２,第６節第２日,2021/4/4,日,machida,町田,kanazawa,金沢,0,1,25414,Ｇスタ,1818
2021,Ｊ２,第６節第２日,2021/4/4,日,tokyov,東京Ｖ,mito,水戸,2,1,25419,味スタ,2197
2021,Ｊ３,第４節第２日,2021/4/4,日,numazu,沼津,ysyokohama,YS横浜,1,0,25838,愛鷹,759
2021,Ｊ３,第４節第２日,2021/4/4,日,nagano,長野,hachinohe,八戸,1,1,25840,長野Ｕ,2076
2021,Ｊ３,第４節第２日,2021/4/4,日,sanuki,讃岐,fujieda,藤枝,0,1,25842,ピカスタ,835
2021,Ｊ３,第４節第２日,2021/4/4,日,toyama,富山,fukushima,福島,2,2,25841,富山,1332
2021,Ｊ３,第４節第２日,2021/4/4,日,kumamoto,熊本,miyazaki,宮崎,1,2,25843,えがおＳ,2109
2021,Ｊ１,第８節第１日,2021/4/6,火,yokohamafm,横浜FM,cosaka,Ｃ大阪,1,0,25053,日産ス,7980
2021,Ｊ１,第８節第２日,2021/4/7,水,kashima,鹿島,kashiwa,柏,2,1,25044,カシマ,4550
2021,Ｊ１,第８節第２日,2021/4/7,水,shimizu,清水,urawa,浦和,0,2,25049,アイスタ,5548
2021,Ｊ１,第８節第２日,2021/4/7,水,kawasakif,川崎Ｆ,tosu,鳥栖,1,0,25046,等々力,9173
2021,Ｊ１,第８節第２日,2021/4/7,水,yokohamafc,横浜FC,hiroshima,広島,0,3,25047,ニッパツ,1899
2021,Ｊ１,第８節第２日,2021/4/7,水,shonan,湘南,nagoya,名古屋,0,0,25048,レモンＳ,5285
2021,Ｊ１,第８節第２日,2021/4/7,水,gosaka,Ｇ大阪,fukuoka,福岡,0,0,25050,パナスタ,5604
2021,Ｊ１,第８節第２日,2021/4/7,水,kobe,神戸,oita,大分,1,0,25051,ノエスタ,5180
2021,Ｊ１,第８節第２日,2021/4/7,水,tokushima,徳島,sendai,仙台,1,0,25052,鳴門大塚,3515
2021,Ｊ１,第８節第２日,2021/4/7,水,ftokyo,FC東京,sapporo,札幌,2,1,25045,味スタ,6236
2021,Ｊ１,第９節第１日,2021/4/10,土,hiroshima,広島,shonan,湘南,0,1,25054,Ｅスタ,7085
2021,Ｊ１,第９節第１日,2021/4/10,土,cosaka,Ｃ大阪,fukuoka,福岡,2,2,25063,ヤンマー,4607
2021,Ｊ２,第７節第１日,2021/4/10,土,akita,秋田,omiya,大宮,0,0,25420,ソユスタ,1738
2021,Ｊ２,第７節第１日,2021/4/10,土,kusatsu,群馬,nagasaki,長崎,1,2,25421,正田スタ,1846
2021,Ｊ２,第７節第１日,2021/4/10,土,kofu,甲府,kitakyushu,北九州,1,1,25422,ＪＩＴス,4096
2021,Ｊ２,第７節第１日,2021/4/10,土,iwata,磐田,matsumoto,松本,4,1,25423,ヤマハ,5392
2021,Ｊ２,第７節第１日,2021/4/10,土,tokyov,東京Ｖ,yamaguchi,山口,3,1,25424,味スタ,2377
2021,Ｊ３,第５節第１日,2021/4/10,土,fujieda,藤枝,nagano,長野,1,1,25844,藤枝サ,1753
2021,Ｊ１,第９節第２日,2021/4/11,日,sapporo,札幌,kashima,鹿島,2,2,25055,札幌ド,10342
2021,Ｊ１,第９節第２日,2021/4/11,日,ftokyo,FC東京,kawasakif,川崎Ｆ,2,4,25057,味スタ,17615
2021,Ｊ１,第９節第２日,2021/4/11,日,sendai,仙台,yokohamafm,横浜FM,0,0,25056,ユアスタ,4355
2021,Ｊ１,第９節第２日,2021/4/11,日,oita,大分,nagoya,名古屋,0,3,25060,昭和電ド,5919
2021,Ｊ１,第９節第２日,2021/4/11,日,tosu,鳥栖,yokohamafc,横浜FC,3,0,25059,駅スタ,7334
2021,Ｊ１,第９節第２日,2021/4/11,日,urawa,浦和,tokushima,徳島,1,0,25061,埼玉,9972
2021,Ｊ１,第９節第２日,2021/4/11,日,kashiwa,柏,gosaka,Ｇ大阪,1,0,25062,三協Ｆ柏,5555
2021,Ｊ１,第９節第２日,2021/4/11,日,kobe,神戸,shimizu,清水,1,1,25058,ノエスタ,8350
2021,Ｊ２,第７節第２日,2021/4/11,日,tochigi,栃木,sagamihara,相模原,0,0,25427,栃木グ,2919
2021,Ｊ２,第７節第２日,2021/4/11,日,kanazawa,金沢,chiba,千葉,0,1,25429,石川西部,2522
2021,Ｊ２,第７節第２日,2021/4/11,日,yamagata,山形,niigata,新潟,0,2,25425,ＮＤスタ,5289
2021,Ｊ２,第７節第２日,2021/4/11,日,machida,町田,kyoto,京都,0,1,25428,Ｇスタ,2160
2021,Ｊ２,第７節第２日,2021/4/11,日,mito,水戸,ryukyu,琉球,0,2,25426,Ｋｓスタ,2401
2021,Ｊ２,第７節第２日,2021/4/11,日,ehime,愛媛,okayama,岡山,2,2,25430,ニンスタ,1498
2021,Ｊ３,第５節第２日,2021/4/11,日,hachinohe,八戸,morioka,岩手,0,3,25845,プラスタ,1502
2021,Ｊ３,第５節第２日,2021/4/11,日,fukushima,福島,kumamoto,熊本,1,2,25846,とうスタ,703
2021,Ｊ３,第５節第２日,2021/4/11,日,ysyokohama,YS横浜,kagoshima,鹿児島,0,0,25847,ニッパツ,1386
2021,Ｊ３,第５節第２日,2021/4/11,日,sanuki,讃岐,toyama,富山,2,3,25848,ピカスタ,1076
2021,Ｊ３,第５節第２日,2021/4/11,日,miyazaki,宮崎,tottori,鳥取,2,1,25849,ユニスタ,801
2021,Ｊ１,第１８節第１日,2021/4/14,水,cosaka,Ｃ大阪,tokushima,徳島,1,2,25146,ヤンマー,2711
2021,Ｊ１,第１８節第１日,2021/4/14,水,tosu,鳥栖,gosaka,Ｇ大阪,0,1,25151,駅スタ,4512
2021,Ｊ１,第１９節第１日,2021/4/14,水,kawasakif,川崎Ｆ,fukuoka,福岡,3,1,25157,等々力,6958
2021,Ｊ１,第１９節第１日,2021/4/14,水,nagoya,名古屋,hiroshima,広島,1,0,25163,豊田ス,7986
2021,Ｊ１,第１０節第１日,2021/4/16,金,sapporo,札幌,yokohamafm,横浜FM,1,3,25064,札幌ド,9222
2021,Ｊ１,第１０節第２日,2021/4/17,土,oita,大分,kashiwa,柏,0,1,25068,昭和電ド,5237
2021,Ｊ１,第１０節第２日,2021/4/17,土,tokushima,徳島,kashima,鹿島,0,1,25066,鳴門大塚,5748
2021,Ｊ１,第１０節第２日,2021/4/17,土,yokohamafc,横浜FC,sendai,仙台,2,2,25065,ニッパツ,2997
2021,Ｊ１,第１０節第２日,2021/4/17,土,fukuoka,福岡,ftokyo,FC東京,1,0,25067,ベススタ,4981
2021,Ｊ１,第１０節第２日,2021/4/17,土,shonan,湘南,kobe,神戸,0,0,25069,レモンＳ,4796
2021,Ｊ２,第８節第１日,2021/4/17,土,akita,秋田,yamagata,山形,0,0,25431,ソユスタ,1777
2021,Ｊ２,第８節第１日,2021/4/17,土,kyoto,京都,kitakyushu,北九州,6,1,25436,サンガＳ,3220
2021,Ｊ２,第８節第１日,2021/4/17,土,niigata,新潟,kanazawa,金沢,1,0,25435,デンカＳ,10148
2021,Ｊ２,第８節第１日,2021/4/17,土,yamaguchi,山口,kusatsu,群馬,1,0,25437,みらスタ,2256
2021,Ｊ２,第８節第１日,2021/4/17,土,nagasaki,長崎,machida,町田,0,3,25438,トラスタ,4056
2021,Ｊ２,第８節第１日,2021/4/17,土,omiya,大宮,ehime,愛媛,0,1,25432,ＮＡＣＫ,3197
2021,Ｊ２,第８節第１日,2021/4/17,土,chiba,千葉,tochigi,栃木,0,0,25433,フクアリ,3777
2021,Ｊ２,第８節第１日,2021/4/17,土,matsumoto,松本,kofu,甲府,3,3,25434,サンアル,4822
2021,Ｊ２,第８節第１日,2021/4/17,土,okayama,岡山,mito,水戸,1,2,25439,Ｃスタ,2902
2021,Ｊ２,第８節第１日,2021/4/17,土,ryukyu,琉球,tokyov,東京Ｖ,2,0,25440,タピスタ,2308
2021,Ｊ１,第１０節第３日,2021/4/18,日,kawasakif,川崎Ｆ,hiroshima,広島,1,1,25070,等々力,9720
2021,Ｊ１,第１０節第３日,2021/4/18,日,cosaka,Ｃ大阪,urawa,浦和,1,0,25073,ヤンマー,4672
2021,Ｊ１,第１０節第３日,2021/4/18,日,nagoya,名古屋,tosu,鳥栖,1,2,25071,豊田ス,9552
2021,Ｊ１,第１０節第３日,2021/4/18,日,gosaka,Ｇ大阪,shimizu,清水,0,0,25072,パナスタ,4819
2021,Ｊ２,第８節第２日,2021/4/18,日,sagamihara,相模原,iwata,磐田,1,2,25441,ギオンス,3922
2021,Ｊ２,第９節第１日,2021/4/21,水,tokyov,東京Ｖ,kyoto,京都,0,2,25452,味フィ西,1789
2021,Ｊ２,第９節第１日,2021/4/21,水,tochigi,栃木,niigata,新潟,2,2,25444,カンセキ,2951
2021,Ｊ２,第９節第１日,2021/4/21,水,mito,水戸,chiba,千葉,0,1,25443,Ｋｓスタ,1677
2021,Ｊ２,第９節第１日,2021/4/21,水,kanazawa,金沢,akita,秋田,2,1,25448,石川西部,1426
2021,Ｊ２,第９節第１日,2021/4/21,水,iwata,磐田,omiya,大宮,3,2,25449,ヤマハ,3773
2021,Ｊ２,第９節第１日,2021/4/21,水,kitakyushu,北九州,yamaguchi,山口,0,0,25451,ミクスタ,2921
2021,Ｊ２,第９節第１日,2021/4/21,水,kusatsu,群馬,okayama,岡山,1,0,25445,正田スタ,975
2021,Ｊ２,第９節第１日,2021/4/21,水,kofu,甲府,sagamihara,相模原,2,0,25447,ＪＩＴス,3340
2021,Ｊ２,第９節第１日,2021/4/21,水,ehime,愛媛,matsumoto,松本,3,1,25450,ニンスタ,915
2021,Ｊ２,第９節第１日,2021/4/21,水,yamagata,山形,nagasaki,長崎,1,3,25442,ＮＤスタ,2451
2021,Ｊ２,第９節第１日,2021/4/21,水,machida,町田,ryukyu,琉球,3,0,25446,Ｇスタ,1432
2021,Ｊ３,第４節第３日,2021/4/21,水,tottori,鳥取,gifu,岐阜,0,1,25839,Ａｘｉｓ,762
2021,Ｊ１,第１１節第２日,2021/4/22,木,nagoya,名古屋,gosaka,Ｇ大阪,2,0,25075,豊田ス,7463
2021,Ｊ１,第１１節第３日,2021/4/24,土,sapporo,札幌,sendai,仙台,2,1,25076,札幌厚別,4336
2021,Ｊ１,第１１節第３日,2021/4/24,土,yokohamafm,横浜FM,yokohamafc,横浜FC,5,0,25078,日産ス,12297
2021,Ｊ１,第１１節第３日,2021/4/24,土,ftokyo,FC東京,tosu,鳥栖,1,2,25077,味スタ,4914
2021,Ｊ１,第１１節第３日,2021/4/24,土,hiroshima,広島,fukuoka,福岡,1,2,25079,Ｅスタ,7290
2021,Ｊ１,第１１節第３日,2021/4/24,土,kashiwa,柏,tokushima,徳島,5,1,25080,三協Ｆ柏,4374
2021,Ｊ１,第１１節第３日,2021/4/24,土,kashima,鹿島,kobe,神戸,1,1,25081,カシマ,10223
2021,Ｊ２,第１０節第１日,2021/4/24,土,ehime,愛媛,niigata,新潟,0,2,25453,ニンスタ,1491
2021,Ｊ１,第１１節第４日,2021/4/25,日,shimizu,清水,shonan,湘南,1,1,25082,アイスタ,7767
2021,Ｊ１,第１１節第４日,2021/4/25,日,urawa,浦和,oita,大分,3,2,25083,埼玉,9270
2021,Ｊ２,第１０節第２日,2021/4/25,日,akita,秋田,mito,水戸,1,0,25454,ソユスタ,1319
2021,Ｊ２,第１０節第２日,2021/4/25,日,kanazawa,金沢,tochigi,栃木,1,1,25459,石川西部,2413
2021,Ｊ２,第１０節第２日,2021/4/25,日,yamagata,山形,iwata,磐田,1,0,25455,ＮＤスタ,4430
2021,Ｊ２,第１０節第２日,2021/4/25,日,nagasaki,長崎,tokyov,東京Ｖ,1,1,25462,トラスタ,4468
2021,Ｊ２,第１０節第２日,2021/4/25,日,okayama,岡山,kitakyushu,北九州,1,0,25460,Ｃスタ,3547
2021,Ｊ２,第１０節第２日,2021/4/25,日,matsumoto,松本,kusatsu,群馬,1,0,25458,サンアル,6770
2021,Ｊ２,第１０節第２日,2021/4/25,日,yamaguchi,山口,kyoto,京都,0,2,25461,みらスタ,2946
2021,Ｊ２,第１０節第２日,2021/4/25,日,omiya,大宮,machida,町田,0,1,25456,ＮＡＣＫ,3828
2021,Ｊ２,第１０節第２日,2021/4/25,日,chiba,千葉,sagamihara,相模原,0,1,25457,フクアリ,4114
2021,Ｊ２,第１０節第２日,2021/4/25,日,ryukyu,琉球,kofu,甲府,1,0,25463,タピスタ,2333
2021,Ｊ３,第６節第１日,2021/4/25,日,imabari,今治,ysyokohama,YS横浜,1,1,25853,夢スタ,1658
2021,Ｊ３,第６節第１日,2021/4/25,日,tottori,鳥取,sanuki,讃岐,1,0,25852,Ａｘｉｓ,1121
2021,Ｊ３,第６節第１日,2021/4/25,日,numazu,沼津,fujieda,藤枝,1,1,25851,愛鷹,2081
2021,Ｊ３,第６節第１日,2021/4/25,日,kagoshima,鹿児島,miyazaki,宮崎,1,0,25854,白波スタ,4351
2021,Ｊ３,第６節第１日,2021/4/25,日,toyama,富山,gifu,岐阜,1,0,25856,富山,3145
2021,Ｊ３,第６節第１日,2021/4/25,日,kumamoto,熊本,hachinohe,八戸,2,2,25857,えがおＳ,2368
2021,Ｊ１,第２２節第１日,2021/4/29,木・祝,nagoya,名古屋,kawasakif,川崎Ｆ,0,4,25191,豊田ス,9693
2021,Ｊ１,第１２節第１日,2021/5/1,土,fukuoka,福岡,urawa,浦和,2,0,25086,ベススタ,6906
2021,Ｊ１,第１２節第１日,2021/5/1,土,sendai,仙台,kashiwa,柏,1,0,25084,ユアスタ,4292
2021,Ｊ１,第１２節第１日,2021/5/1,土,ftokyo,FC東京,yokohamafm,横浜FM,0,3,25085,味スタ,0
2021,Ｊ１,第１２節第１日,2021/5/1,土,kobe,神戸,hiroshima,広島,3,0,25087,ノエスタ,0
2021,Ｊ１,第１２節第１日,2021/5/1,土,tosu,鳥栖,tokushima,徳島,2,0,25088,駅スタ,6950
2021,Ｊ１,第１２節第１日,2021/5/1,土,yokohamafc,横浜FC,kashima,鹿島,0,3,25089,ニッパツ,4896
2021,Ｊ２,第１１節第１日,2021/5/1,土,akita,秋田,okayama,岡山,0,1,25464,ソユスタ,1427
2021,Ｊ２,第１１節第１日,2021/5/1,土,kyoto,京都,ehime,愛媛,3,2,25469,サンガＳ,0
2021,Ｊ２,第１１節第１日,2021/5/1,土,kusatsu,群馬,yamagata,山形,1,2,25465,正田スタ,2084
2021,Ｊ２,第１１節第１日,2021/5/1,土,kofu,甲府,kanazawa,金沢,2,0,25466,ＪＩＴス,4283
2021,Ｊ２,第１１節第１日,2021/5/1,土,niigata,新潟,chiba,千葉,2,0,25467,デンカＳ,12522
2021,Ｊ２,第１１節第１日,2021/5/1,土,iwata,磐田,tochigi,栃木,3,2,25468,ヤマハ,5396
2021,Ｊ２,第１１節第１日,2021/5/1,土,kitakyushu,北九州,matsumoto,松本,1,2,25470,ミクスタ,2739
2021,Ｊ２,第１１節第１日,2021/5/1,土,sagamihara,相模原,ryukyu,琉球,1,5,25471,ギオンス,1608
2021,Ｊ３,第７節第１日,2021/5/1,土,fujieda,藤枝,toyama,富山,1,1,25858,藤枝サ,1044
2021,Ｊ３,第７節第１日,2021/5/1,土,sanuki,讃岐,numazu,沼津,1,0,25859,ピカスタ,1392
2021,Ｊ１,第１２節第２日,2021/5/2,日,oita,大分,shimizu,清水,1,0,25090,昭和電ド,7246
2021,Ｊ１,第１２節第２日,2021/5/2,日,cosaka,Ｃ大阪,gosaka,Ｇ大阪,1,1,25093,ヤンマー,0
2021,Ｊ１,第１２節第２日,2021/5/2,日,shonan,湘南,sapporo,札幌,0,0,25091,レモンＳ,4956
2021,Ｊ２,第１１節第２日,2021/5/2,日,mito,水戸,nagasaki,長崎,1,0,25472,Ｋｓスタ,2799
2021,Ｊ２,第１１節第２日,2021/5/2,日,machida,町田,yamaguchi,山口,0,2,25474,Ｇスタ,0
2021,Ｊ２,第１１節第２日,2021/5/2,日,tokyov,東京Ｖ,omiya,大宮,1,1,25473,味スタ,0
2021,Ｊ３,第７節第２日,2021/5/2,日,miyazaki,宮崎,imabari,今治,2,1,25862,ユニスタ,1392
2021,Ｊ３,第７節第２日,2021/5/2,日,morioka,岩手,kagoshima,鹿児島,2,1,25861,いわスタ,824
2021,Ｊ３,第７節第２日,2021/5/2,日,hachinohe,八戸,tottori,鳥取,2,0,25860,プラスタ,667
2021,Ｊ３,第７節第２日,2021/5/2,日,nagano,長野,fukushima,福島,0,1,25863,長野Ｕ,2673
2021,Ｊ３,第７節第２日,2021/5/2,日,gifu,岐阜,kumamoto,熊本,0,1,25864,長良川,3678
2021,Ｊ１,第１２節第３日,2021/5/4,火・祝,kawasakif,川崎Ｆ,nagoya,名古屋,3,2,25092,等々力,4954
2021,Ｊ２,第１２節第１日,2021/5/5,水・祝,yamagata,山形,kofu,甲府,2,2,25475,ＮＤスタ,4695
2021,Ｊ２,第１２節第１日,2021/5/5,水・祝,omiya,大宮,niigata,新潟,2,3,25476,ＮＡＣＫ,4275
2021,Ｊ２,第１２節第１日,2021/5/5,水・祝,nagasaki,長崎,akita,秋田,1,2,25481,トラスタ,4430
2021,Ｊ２,第１２節第１日,2021/5/5,水・祝,okayama,岡山,machida,町田,1,2,25478,Ｃスタ,3586
2021,Ｊ２,第１２節第１日,2021/5/5,水・祝,kanazawa,金沢,mito,水戸,2,3,25477,石川西部,1548
2021,Ｊ２,第１２節第１日,2021/5/5,水・祝,ehime,愛媛,iwata,磐田,0,0,25480,ニンスタ,1289
2021,Ｊ２,第１２節第１日,2021/5/5,水・祝,yamaguchi,山口,chiba,千葉,0,1,25479,みらスタ,3129
2021,Ｊ２,第１２節第１日,2021/5/5,水・祝,tokyov,東京Ｖ,kusatsu,群馬,3,1,25482,味スタ,0
2021,Ｊ２,第１２節第１日,2021/5/5,水・祝,matsumoto,松本,sagamihara,相模原,2,1,25483,サンアル,5820
2021,Ｊ２,第１２節第１日,2021/5/5,水・祝,tochigi,栃木,kitakyushu,北九州,1,2,25484,カンセキ,3487
2021,Ｊ２,第１２節第１日,2021/5/5,水・祝,ryukyu,琉球,kyoto,京都,0,0,25485,タピスタ,2437
2021,Ｊ３,第５節第３日,2021/5/5,水・祝,gifu,岐阜,numazu,沼津,3,1,25850,長良川,2184
2021,Ｊ１,第１３節第１日,2021/5/8,土,tosu,鳥栖,hiroshima,広島,0,0,25094,駅スタ,6679
2021,Ｊ１,第１３節第１日,2021/5/8,土,nagoya,名古屋,cosaka,Ｃ大阪,1,0,25103,豊田ス,4898
2021,Ｊ１,第１３節第１日,2021/5/8,土,gosaka,Ｇ大阪,kawasakif,川崎Ｆ,0,2,25102,パナスタ,0
2021,Ｊ２,第１３節第１日,2021/5/8,土,ehime,愛媛,ryukyu,琉球,1,1,25486,ニンスタ,1317
2021,Ｊ１,第１３節第２日,2021/5/9,日,yokohamafm,横浜FM,kobe,神戸,2,0,25095,日産ス,4977
2021,Ｊ１,第１３節第２日,2021/5/9,日,fukuoka,福岡,kashiwa,柏,1,0,25097,ベススタ,4688
2021,Ｊ１,第１３節第２日,2021/5/9,日,shimizu,清水,yokohamafc,横浜FC,1,1,25096,アイスタ,8097
2021,Ｊ１,第１３節第２日,2021/5/9,日,shonan,湘南,oita,大分,2,0,25098,レモンＳ,4943
2021,Ｊ１,第１３節第２日,2021/5/9,日,tokushima,徳島,sapporo,札幌,1,2,25099,鳴門大塚,4954
2021,Ｊ１,第１３節第２日,2021/5/9,日,urawa,浦和,sendai,仙台,2,0,25100,埼玉,4750
2021,Ｊ１,第１３節第２日,2021/5/9,日,kashima,鹿島,ftokyo,FC東京,3,0,25101,カシマ,7346
2021,Ｊ２,第１３節第２日,2021/5/9,日,akita,秋田,iwata,磐田,1,1,25487,ソユスタ,3961
2021,Ｊ２,第１３節第２日,2021/5/9,日,sagamihara,相模原,machida,町田,1,1,25488,ギオンス,2482
2021,Ｊ２,第１３節第２日,2021/5/9,日,niigata,新潟,matsumoto,松本,0,0,25492,デンカＳ,13101
2021,Ｊ２,第１３節第２日,2021/5/9,日,kanazawa,金沢,yamaguchi,山口,0,1,25493,石川西部,2470
2021,Ｊ２,第１３節第２日,2021/5/9,日,mito,水戸,tochigi,栃木,1,1,25489,Ｋｓスタ,3064
2021,Ｊ２,第１３節第２日,2021/5/9,日,chiba,千葉,okayama,岡山,4,2,25490,フクアリ,3528
2021,Ｊ２,第１３節第２日,2021/5/9,日,kofu,甲府,tokyov,東京Ｖ,2,0,25491,ＪＩＴス,4053
2021,Ｊ２,第１３節第２日,2021/5/9,日,kyoto,京都,yamagata,山形,1,0,25494,サンガＳ,0
2021,Ｊ２,第１３節第２日,2021/5/9,日,kusatsu,群馬,omiya,大宮,1,1,25495,正田スタ,2340
2021,Ｊ２,第１３節第２日,2021/5/9,日,kitakyushu,北九州,nagasaki,長崎,0,1,25496,ミクスタ,2926
2021,Ｊ１,第２０節第１日,2021/5/12,水,gosaka,Ｇ大阪,hiroshima,広島,1,2,25167,パナスタ,0
2021,Ｊ１,第２０節第１日,2021/5/12,水,kawasakif,川崎Ｆ,sendai,仙台,2,2,25165,等々力,4752
2021,Ｊ１,第２１節第１日,2021/5/12,水,nagoya,名古屋,kashima,鹿島,0,2,25181,豊田ス,4844
2021,Ｊ１,第１４節第１日,2021/5/15,土,shimizu,清水,nagoya,名古屋,0,3,25105,アイスタ,8524
2021,Ｊ１,第１４節第１日,2021/5/15,土,sendai,仙台,fukuoka,福岡,0,1,25104,ユアスタ,6249
2021,Ｊ１,第１４節第１日,2021/5/15,土,kashima,鹿島,yokohamafm,横浜FM,5,3,25106,カシマ,11630
2021,Ｊ１,第１４節第１日,2021/5/15,土,kobe,神戸,cosaka,Ｃ大阪,1,1,25111,ノエスタ,4333
2021,Ｊ１,第１４節第１日,2021/5/15,土,kashiwa,柏,ftokyo,FC東京,0,4,25107,三協Ｆ柏,4484
2021,Ｊ１,第１４節第１日,2021/5/15,土,oita,大分,tosu,鳥栖,1,1,25109,昭和電ド,5037
2021,Ｊ１,第１４節第１日,2021/5/15,土,hiroshima,広島,tokushima,徳島,0,1,25108,Ｅスタ,3190
2021,Ｊ１,第１４節第１日,2021/5/15,土,yokohamafc,横浜FC,shonan,湘南,2,0,25110,ニッパツ,4770
2021,Ｊ２,第１４節第１日,2021/5/15,土,kofu,甲府,akita,秋田,1,0,25497,ＪＩＴス,4129
2021,Ｊ２,第１４節第１日,2021/5/15,土,iwata,磐田,kusatsu,群馬,1,0,25499,ヤマハ,5848
2021,Ｊ２,第１４節第１日,2021/5/15,土,nagasaki,長崎,chiba,千葉,2,2,25501,トラスタ,2916
2021,Ｊ２,第１４節第１日,2021/5/15,土,yamaguchi,山口,sagamihara,相模原,1,0,25500,みらスタ,1733
2021,Ｊ２,第１４節第１日,2021/5/15,土,matsumoto,松本,kanazawa,金沢,0,0,25498,サンアル,6601
2021,Ｊ２,第１４節第１日,2021/5/15,土,ryukyu,琉球,tochigi,栃木,4,2,25502,タピスタ,2188
2021,Ｊ３,第８節第１日,2021/5/15,土,kagoshima,鹿児島,fujieda,藤枝,0,3,25865,白波スタ,1838
2021,Ｊ１,第１４節第２日,2021/5/16,日,kawasakif,川崎Ｆ,sapporo,札幌,2,0,25112,等々力,4932
2021,Ｊ１,第１４節第２日,2021/5/16,日,gosaka,Ｇ大阪,urawa,浦和,0,3,25113,パナスタ,0
2021,Ｊ２,第１４節第２日,2021/5/16,日,yamagata,山形,ehime,愛媛,1,0,25503,ＮＤスタ,3690
2021,Ｊ２,第１４節第２日,2021/5/16,日,omiya,大宮,okayama,岡山,0,0,25504,ＮＡＣＫ,3890
2021,Ｊ２,第１４節第２日,2021/5/16,日,kyoto,京都,mito,水戸,1,0,25505,サンガＳ,3654
2021,Ｊ２,第１４節第２日,2021/5/16,日,machida,町田,niigata,新潟,2,1,25507,Ｇスタ,3430
2021,Ｊ２,第１４節第２日,2021/5/16,日,tokyov,東京Ｖ,kitakyushu,北九州,2,0,25506,味スタ,1743
2021,Ｊ３,第８節第２日,2021/5/16,日,morioka,岩手,gifu,岐阜,0,2,25866,いわスタ,1007
2021,Ｊ３,第８節第２日,2021/5/16,日,imabari,今治,sanuki,讃岐,1,1,25868,夢スタ,1267
2021,Ｊ３,第８節第２日,2021/5/16,日,ysyokohama,YS横浜,miyazaki,宮崎,0,2,25867,ニッパツ,1082
2021,Ｊ３,第８節第２日,2021/5/16,日,kumamoto,熊本,nagano,長野,2,0,25870,えがおＳ,1559
2021,Ｊ３,第８節第２日,2021/5/16,日,fukushima,福島,hachinohe,八戸,2,0,25871,郡山西部,1002
2021,Ｊ３,第８節第２日,2021/5/16,日,toyama,富山,numazu,沼津,3,0,25869,富山,1762
2021,Ｊ２,第１５節第１日,2021/5/19,水,akita,秋田,yamaguchi,山口,1,1,25508,ソユスタ,1084
2021,Ｊ１,第１５節第１日,2021/5/22,土,sapporo,札幌,shimizu,清水,2,0,25114,札幌ド,3334
2021,Ｊ１,第１５節第１日,2021/5/22,土,sendai,仙台,oita,大分,2,1,25115,ユアスタ,5045
2021,Ｊ１,第１５節第１日,2021/5/22,土,tosu,鳥栖,kashima,鹿島,2,1,25116,駅スタ,7079
2021,Ｊ１,第１５節第１日,2021/5/22,土,kawasakif,川崎Ｆ,yokohamafc,横浜FC,3,1,25117,等々力,4942
2021,Ｊ１,第１５節第１日,2021/5/22,土,urawa,浦和,kobe,神戸,2,0,25118,埼玉,4917
2021,Ｊ１,第１５節第１日,2021/5/22,土,fukuoka,福岡,shonan,湘南,2,1,25120,ベススタ,4117
2021,Ｊ１,第１５節第１日,2021/5/22,土,yokohamafm,横浜FM,kashiwa,柏,1,1,25119,日産ス,4941
2021,Ｊ１,第１５節第１日,2021/5/22,土,tokushima,徳島,nagoya,名古屋,0,0,25121,鳴門大塚,5738
2021,Ｊ１,第１５節第１日,2021/5/22,土,ftokyo,FC東京,gosaka,Ｇ大阪,1,0,25122,味スタ,4886
2021,Ｊ２,第１５節第２日,2021/5/22,土,ryukyu,琉球,yamagata,山形,0,2,25509,タピスタ,1627
2021,Ｊ１,第１５節第２日,2021/5/23,日,cosaka,Ｃ大阪,hiroshima,広島,1,2,25123,ヤンマー,0
2021,Ｊ２,第１５節第３日,2021/5/23,日,okayama,岡山,nagasaki,長崎,0,1,25515,Ｃスタ,0
2021,Ｊ２,第１５節第３日,2021/5/23,日,tochigi,栃木,matsumoto,松本,3,0,25511,カンセキ,7461
2021,Ｊ２,第１５節第３日,2021/5/23,日,kitakyushu,北九州,omiya,大宮,3,1,25516,ミクスタ,2180
2021,Ｊ２,第１５節第３日,2021/5/23,日,mito,水戸,kofu,甲府,0,1,25510,Ｋｓスタ,2341
2021,Ｊ２,第１５節第３日,2021/5/23,日,chiba,千葉,machida,町田,1,1,25512,フクアリ,3679
2021,Ｊ２,第１５節第３日,2021/5/23,日,niigata,新潟,kyoto,京都,0,1,25513,デンカＳ,12684
2021,Ｊ２,第１５節第３日,2021/5/23,日,kanazawa,金沢,kusatsu,群馬,1,1,25514,石川西部,1446
2021,Ｊ２,第１５節第３日,2021/5/23,日,tokyov,東京Ｖ,iwata,磐田,0,2,25517,味スタ,3527
2021,Ｊ１,第１６節第１日,2021/5/26,水,hiroshima,広島,urawa,浦和,2,2,25128,Ｅスタ,3681
2021,Ｊ１,第１６節第１日,2021/5/26,水,shonan,湘南,kawasakif,川崎Ｆ,1,1,25129,レモンＳ,4947
2021,Ｊ１,第１６節第１日,2021/5/26,水,oita,大分,yokohamafm,横浜FM,0,1,25132,昭和電ド,3545
2021,Ｊ１,第１６節第１日,2021/5/26,水,nagoya,名古屋,sendai,仙台,0,1,25133,豊田ス,4999
2021,Ｊ１,第１６節第１日,2021/5/26,水,kashiwa,柏,kobe,神戸,1,2,25126,三協Ｆ柏,4353
2021,Ｊ１,第１６節第１日,2021/5/26,水,yokohamafc,横浜FC,fukuoka,福岡,1,1,25127,ニッパツ,3311
2021,Ｊ１,第１６節第１日,2021/5/26,水,shimizu,清水,ftokyo,FC東京,3,0,25130,アイスタ,4919
2021,Ｊ１,第１６節第１日,2021/5/26,水,kashima,鹿島,cosaka,Ｃ大阪,1,0,25125,カシマ,5977
2021,Ｊ１,第１６節第１日,2021/5/26,水,sapporo,札幌,tosu,鳥栖,0,0,25124,札幌ド,3362
2021,Ｊ３,第６節第２日,2021/5/26,水,fukushima,福島,morioka,岩手,2,1,25855,とうスタ,264
2021,Ｊ１,第１６節第２日,2021/5/27,木,gosaka,Ｇ大阪,tokushima,徳島,2,1,25131,パナスタ,0
2021,Ｊ２,第１５節第４日,2021/5/27,木,sagamihara,相模原,ehime,愛媛,0,1,25518,ギオンス,841
2021,Ｊ１,第１７節第１日,2021/5/29,土,kashiwa,柏,sapporo,札幌,1,2,25134,三協Ｆ柏,4270
2021,Ｊ２,第１６節第１日,2021/5/29,土,nagasaki,長崎,yamaguchi,山口,3,0,25521,トラスタ,3982
2021,Ｊ２,第１６節第１日,2021/5/29,土,omiya,大宮,chiba,千葉,0,2,25520,ＮＡＣＫ,4351
2021,Ｊ２,第１６節第１日,2021/5/29,土,kusatsu,群馬,tochigi,栃木,0,0,25519,正田スタ,1935
2021,Ｊ２,第１６節第１日,2021/5/29,土,tokyov,東京Ｖ,akita,秋田,3,1,25522,味スタ,2242
2021,Ｊ２,第１６節第１日,2021/5/29,土,iwata,磐田,kanazawa,金沢,1,0,25523,ヤマハ,4366
2021,Ｊ３,第９節第１日,2021/5/29,土,fujieda,藤枝,kumamoto,熊本,0,1,25872,藤枝サ,1219
2021,Ｊ１,第１７節第２日,2021/5/30,日,yokohamafm,横浜FM,shimizu,清水,2,1,25135,日産ス,4945
2021,Ｊ１,第１７節第２日,2021/5/30,日,kobe,神戸,tosu,鳥栖,1,1,25138,ノエスタ,4795
2021,Ｊ１,第１７節第２日,2021/5/30,日,ftokyo,FC東京,hiroshima,広島,0,0,25136,味スタ,4954
2021,Ｊ１,第１７節第２日,2021/5/30,日,sendai,仙台,cosaka,Ｃ大阪,1,1,25137,ユアスタ,8346
2021,Ｊ１,第１７節第２日,2021/5/30,日,oita,大分,fukuoka,福岡,2,1,25140,昭和電ド,5793
2021,Ｊ１,第１７節第２日,2021/5/30,日,tokushima,徳島,shonan,湘南,1,1,25139,鳴門大塚,5167
2021,Ｊ１,第１７節第２日,2021/5/30,日,gosaka,Ｇ大阪,yokohamafc,横浜FC,2,0,25141,パナスタ,0
2021,Ｊ１,第１７節第２日,2021/5/30,日,urawa,浦和,nagoya,名古屋,0,0,25142,埼玉,4685
2021,Ｊ１,第１７節第２日,2021/5/30,日,kawasakif,川崎Ｆ,kashima,鹿島,2,1,25143,等々力,4958
2021,Ｊ２,第１６節第２日,2021/5/30,日,matsumoto,松本,okayama,岡山,1,3,25524,サンアル,6710
2021,Ｊ２,第１６節第２日,2021/5/30,日,yamagata,山形,sagamihara,相模原,2,0,25525,ＮＤスタ,4821
2021,Ｊ２,第１６節第２日,2021/5/30,日,niigata,新潟,ryukyu,琉球,2,1,25526,デンカＳ,14759
2021,Ｊ２,第１６節第２日,2021/5/30,日,kyoto,京都,kofu,甲府,0,0,25527,サンガＳ,4781
2021,Ｊ２,第１６節第２日,2021/5/30,日,machida,町田,kitakyushu,北九州,0,1,25528,Ｇスタ,2005
2021,Ｊ２,第１６節第２日,2021/5/30,日,ehime,愛媛,mito,水戸,0,5,25529,ニンスタ,1432
2021,Ｊ３,第９節第２日,2021/5/30,日,numazu,沼津,fukushima,福島,0,1,25874,愛鷹,1514
2021,Ｊ３,第９節第２日,2021/5/30,日,hachinohe,八戸,imabari,今治,2,1,25873,プラスタ,1016
2021,Ｊ３,第９節第２日,2021/5/30,日,tottori,鳥取,toyama,富山,0,3,25875,Ａｘｉｓ,1156
2021,Ｊ３,第９節第２日,2021/5/30,日,sanuki,讃岐,morioka,岩手,1,1,25876,ピカスタ,1358
2021,Ｊ３,第９節第２日,2021/5/30,日,nagano,長野,kagoshima,鹿児島,1,2,25877,長野Ｕ,2366
2021,Ｊ３,第９節第２日,2021/5/30,日,gifu,岐阜,ysyokohama,YS横浜,1,2,25878,長良川,3016
2021,Ｊ１,第１９節第２日,2021/6/2,水,shonan,湘南,gosaka,Ｇ大阪,0,0,25159,レモンＳ,4610
2021,Ｊ１,第２１節第２日,2021/6/2,水,yokohamafc,横浜FC,kawasakif,川崎Ｆ,0,2,25174,ニッパツ,4855
2021,Ｊ２,第１７節第１日,2021/6/4,金,kusatsu,群馬,mito,水戸,2,1,25530,正田スタ,1061
2021,Ｊ２,第１７節第２日,2021/6/5,土,yamaguchi,山口,ehime,愛媛,2,2,25531,みらスタ,3386
2021,Ｊ２,第１７節第２日,2021/6/5,土,kitakyushu,北九州,iwata,磐田,0,2,25534,ミクスタ,4333
2021,Ｊ２,第１７節第２日,2021/6/5,土,kofu,甲府,niigata,新潟,2,2,25532,ＪＩＴス,5756
2021,Ｊ２,第１７節第２日,2021/6/5,土,matsumoto,松本,machida,町田,1,5,25533,サンアル,5977
2021,Ｊ２,第１７節第２日,2021/6/5,土,sagamihara,相模原,nagasaki,長崎,0,1,25536,ギオンス,1715
2021,Ｊ２,第１７節第２日,2021/6/5,土,akita,秋田,ryukyu,琉球,1,1,25535,ソユスタ,2030
2021,Ｊ２,第１７節第２日,2021/6/5,土,okayama,岡山,tokyov,東京Ｖ,0,1,25537,Ｃスタ,2735
2021,Ｊ３,第１０節第１日,2021/6/5,土,ysyokohama,YS横浜,tottori,鳥取,2,1,25879,ニッパツ,1135
2021,Ｊ３,第１０節第１日,2021/6/5,土,imabari,今治,nagano,長野,0,0,25880,夢スタ,1733
2021,Ｊ２,第１７節第３日,2021/6/6,日,tochigi,栃木,kyoto,京都,0,0,25538,カンセキ,4978
2021,Ｊ２,第１７節第３日,2021/6/6,日,kanazawa,金沢,omiya,大宮,1,0,25540,石川西部,2402
2021,Ｊ２,第１７節第３日,2021/6/6,日,chiba,千葉,yamagata,山形,1,1,25539,フクアリ,3831
2021,Ｊ３,第１０節第２日,2021/6/6,日,kagoshima,鹿児島,sanuki,讃岐,1,2,25883,白波スタ,3286
2021,Ｊ３,第１０節第２日,2021/6/6,日,fukushima,福島,gifu,岐阜,1,2,25881,とうスタ,1442
2021,Ｊ３,第１０節第２日,2021/6/6,日,miyazaki,宮崎,hachinohe,八戸,2,0,25882,ユニスタ,1207
2021,Ｊ３,第１０節第２日,2021/6/6,日,kumamoto,熊本,numazu,沼津,0,1,25884,えがおＳ,2331
2021,Ｊ３,第１０節第２日,2021/6/6,日,morioka,岩手,fujieda,藤枝,4,0,25885,いわスタ,1785
2021,Ｊ３,第１１節第１日,2021/6/12,土,gifu,岐阜,miyazaki,宮崎,3,1,25886,長良川,3525
2021,Ｊ２,第１８節第１日,2021/6/13,日,nagasaki,長崎,matsumoto,松本,1,0,25546,トラスタ,4832
2021,Ｊ２,第１８節第１日,2021/6/13,日,yamagata,山形,yamaguchi,山口,2,0,25541,ＮＤスタ,4486
2021,Ｊ２,第１８節第１日,2021/6/13,日,mito,水戸,sagamihara,相模原,2,0,25542,Ｋｓスタ,2834
2021,Ｊ２,第１８節第１日,2021/6/13,日,niigata,新潟,okayama,岡山,0,1,25544,デンカＳ,12689
2021,Ｊ２,第１８節第１日,2021/6/13,日,kyoto,京都,kusatsu,群馬,2,2,25545,サンガＳ,4139
2021,Ｊ２,第１８節第１日,2021/6/13,日,chiba,千葉,tokyov,東京Ｖ,0,1,25543,フクアリ,4100
2021,Ｊ２,第１８節第１日,2021/6/13,日,machida,町田,akita,秋田,0,2,25547,Ｇスタ,2164
2021,Ｊ２,第１８節第１日,2021/6/13,日,iwata,磐田,kofu,甲府,1,0,25548,ヤマハ,5804
2021,Ｊ２,第１８節第１日,2021/6/13,日,ehime,愛媛,kanazawa,金沢,1,3,25549,ニンスタ,1284
2021,Ｊ２,第１８節第１日,2021/6/13,日,omiya,大宮,tochigi,栃木,1,1,25550,ＮＡＣＫ,3918
2021,Ｊ２,第１８節第１日,2021/6/13,日,ryukyu,琉球,kitakyushu,北九州,3,0,25551,タピスタ,0
2021,Ｊ３,第１１節第２日,2021/6/13,日,numazu,沼津,kagoshima,鹿児島,0,2,25889,愛鷹,1254
2021,Ｊ３,第１１節第２日,2021/6/13,日,fujieda,藤枝,imabari,今治,1,1,25888,藤枝サ,1455
2021,Ｊ３,第１１節第２日,2021/6/13,日,tottori,鳥取,nagano,長野,1,8,25890,チュスタ,1256
2021,Ｊ３,第１１節第２日,2021/6/13,日,hachinohe,八戸,ysyokohama,YS横浜,3,0,25887,プラスタ,1310
2021,Ｊ３,第１１節第２日,2021/6/13,日,toyama,富山,kumamoto,熊本,1,1,25891,富山,3857
2021,Ｊ３,第１１節第２日,2021/6/13,日,sanuki,讃岐,fukushima,福島,1,2,25892,ピカスタ,1110
2021,Ｊ１,第１８節第２日,2021/6/19,土,fukuoka,福岡,kobe,神戸,1,2,25144,ベススタ,4707
2021,Ｊ１,第１８節第２日,2021/6/19,土,sapporo,札幌,oita,大分,2,0,25145,札幌厚別,3736
2021,Ｊ１,第１８節第２日,2021/6/19,土,yokohamafc,横浜FC,ftokyo,FC東京,0,1,25148,ニッパツ,3537
2021,Ｊ１,第１８節第２日,2021/6/19,土,hiroshima,広島,kashiwa,柏,1,0,25150,Ｅスタ,4754
2021,Ｊ２,第１９節第１日,2021/6/19,土,tochigi,栃木,nagasaki,長崎,0,2,25552,カンセキ,3797
2021,Ｊ２,第１９節第１日,2021/6/19,土,kofu,甲府,yamaguchi,山口,2,2,25553,ＪＩＴス,3093
2021,Ｊ２,第１９節第１日,2021/6/19,土,matsumoto,松本,omiya,大宮,0,0,25554,サンアル,4933
2021,Ｊ２,第１９節第１日,2021/6/19,土,okayama,岡山,ryukyu,琉球,3,0,25557,Ｃスタ,3106
2021,Ｊ２,第１９節第１日,2021/6/19,土,kanazawa,金沢,kyoto,京都,1,2,25555,石川西部,3666
2021,Ｊ２,第１９節第１日,2021/6/19,土,iwata,磐田,chiba,千葉,1,0,25556,ヤマハ,4841
2021,Ｊ３,第１２節第１日,2021/6/19,土,morioka,岩手,numazu,沼津,3,2,25893,いわスタ,908
2021,Ｊ３,第１２節第１日,2021/6/19,土,kagoshima,鹿児島,hachinohe,八戸,0,0,25894,白波スタ,3615
2021,Ｊ１,第１８節第３日,2021/6/20,日,kashima,鹿島,sendai,仙台,1,1,25152,カシマ,9312
2021,Ｊ１,第１８節第３日,2021/6/20,日,urawa,浦和,shonan,湘南,0,3,25153,埼玉,4810
2021,Ｊ２,第１９節第２日,2021/6/20,日,sagamihara,相模原,tokyov,東京Ｖ,0,2,25558,ギオンス,1749
2021,Ｊ２,第１９節第２日,2021/6/20,日,mito,水戸,yamagata,山形,0,1,25559,Ｋｓスタ,2150
2021,Ｊ２,第１９節第２日,2021/6/20,日,kusatsu,群馬,machida,町田,0,1,25560,正田スタ,1632
2021,Ｊ２,第１９節第２日,2021/6/20,日,kitakyushu,北九州,ehime,愛媛,0,2,25561,ミクスタ,2106
2021,Ｊ３,第１２節第２日,2021/6/20,日,ysyokohama,YS横浜,fujieda,藤枝,4,3,25895,ニッパツ,918
2021,Ｊ３,第１２節第２日,2021/6/20,日,nagano,長野,toyama,富山,4,0,25896,長野Ｕ,3336
2021,Ｊ３,第１２節第２日,2021/6/20,日,miyazaki,宮崎,sanuki,讃岐,2,2,25897,ユニスタ,909
2021,Ｊ３,第１２節第２日,2021/6/20,日,imabari,今治,gifu,岐阜,3,0,25898,夢スタ,1801
2021,Ｊ３,第１２節第２日,2021/6/20,日,kumamoto,熊本,tottori,鳥取,1,1,25899,えがおＳ,1875
2021,Ｊ２,第１９節第３日,2021/6/21,月,akita,秋田,niigata,新潟,0,2,25562,ソユスタ,3013
2021,Ｊ１,第１９節第３日,2021/6/23,水,kobe,神戸,yokohamafc,横浜FC,5,0,25160,ノエスタ,4252
2021,Ｊ１,第１９節第３日,2021/6/23,水,yokohamafm,横浜FM,tosu,鳥栖,2,0,25158,ニッパツ,5786
2021,Ｊ１,第１９節第３日,2021/6/23,水,oita,大分,kashima,鹿島,0,0,25162,昭和電ド,4208
2021,Ｊ１,第１９節第３日,2021/6/23,水,kashiwa,柏,urawa,浦和,0,2,25156,三協Ｆ柏,3263
2021,Ｊ１,第１９節第３日,2021/6/23,水,tokushima,徳島,ftokyo,FC東京,0,1,25161,鳴門大塚,3170
2021,Ｊ１,第１９節第３日,2021/6/23,水,sendai,仙台,shimizu,清水,2,3,25155,ユアスタ,5054
2021,Ｊ２,第２０節第１日,2021/6/26,土,nagasaki,長崎,iwata,磐田,0,1,25563,トラスタ,7347
2021,Ｊ２,第２０節第１日,2021/6/26,土,akita,秋田,sagamihara,相模原,1,1,25564,ソユスタ,1768
2021,Ｊ２,第２０節第１日,2021/6/26,土,tokyov,東京Ｖ,tochigi,栃木,2,1,25565,味スタ,4740
2021,Ｊ２,第２０節第１日,2021/6/26,土,niigata,新潟,mito,水戸,0,0,25573,デンカＳ,13413
2021,Ｊ２,第２０節第１日,2021/6/26,土,kyoto,京都,okayama,岡山,2,0,25566,サンガＳ,4669
2021,Ｊ２,第２０節第１日,2021/6/26,土,ryukyu,琉球,matsumoto,松本,4,0,25567,タピスタ,0
2021,Ｊ２,第２０節第１日,2021/6/26,土,yamagata,山形,kanazawa,金沢,4,1,25568,ＮＤスタ,5130
2021,Ｊ２,第２０節第１日,2021/6/26,土,kitakyushu,北九州,chiba,千葉,0,0,25569,ミクスタ,2741
2021,Ｊ３,第１３節第１日,2021/6/26,土,morioka,岩手,ysyokohama,YS横浜,0,2,25900,いわスタ,1403
2021,Ｊ３,第１３節第１日,2021/6/26,土,fujieda,藤枝,miyazaki,宮崎,2,1,25901,藤枝サ,1245
2021,Ｊ３,第１３節第１日,2021/6/26,土,sanuki,讃岐,kumamoto,熊本,1,2,25903,ピカスタ,1532
2021,Ｊ３,第１３節第１日,2021/6/26,土,toyama,富山,imabari,今治,1,1,25902,富山,2438
2021,Ｊ３,第１３節第１日,2021/6/26,土,tottori,鳥取,fukushima,福島,0,1,25904,Ａｘｉｓ,1057
2021,Ｊ１,第２０節第２日,2021/6/27,日,yokohamafc,横浜FC,shimizu,清水,1,1,25166,ニッパツ,4587
2021,Ｊ１,第２０節第２日,2021/6/27,日,tokushima,徳島,yokohamafm,横浜FM,0,1,25168,鳴門大塚,5488
2021,Ｊ１,第２０節第２日,2021/6/27,日,kashima,鹿島,sapporo,札幌,4,0,25170,カシマ,7953
2021,Ｊ１,第２０節第２日,2021/6/27,日,urawa,浦和,fukuoka,福岡,2,0,25171,埼玉,4724
2021,Ｊ１,第２０節第２日,2021/6/27,日,shonan,湘南,kashiwa,柏,2,4,25173,レモンＳ,4242
2021,Ｊ１,第２０節第２日,2021/6/27,日,ftokyo,FC東京,oita,大分,3,0,25172,味スタ,4819
2021,Ｊ２,第２０節第２日,2021/6/27,日,kofu,甲府,kusatsu,群馬,6,2,25570,ＪＩＴス,3401
2021,Ｊ２,第２０節第２日,2021/6/27,日,machida,町田,ehime,愛媛,5,0,25571,Ｇスタ,1723
2021,Ｊ２,第２０節第２日,2021/6/27,日,yamaguchi,山口,omiya,大宮,0,1,25572,みらスタ,2767
2021,Ｊ３,第１３節第２日,2021/6/27,日,numazu,沼津,nagano,長野,0,1,25905,愛鷹,916
2021,Ｊ３,第１３節第２日,2021/6/27,日,gifu,岐阜,kagoshima,鹿児島,1,0,25906,長良川,3342
2021,Ｊ１,第２１節第３日,2021/7/3,土,kobe,神戸,shonan,湘南,3,1,25177,ノエスタ,4806
2021,Ｊ１,第２１節第３日,2021/7/3,土,kashiwa,柏,yokohamafm,横浜FM,1,2,25176,三協Ｆ柏,3875
2021,Ｊ１,第２１節第３日,2021/7/3,土,hiroshima,広島,tosu,鳥栖,1,1,25178,Ｅスタ,5444
2021,Ｊ１,第２１節第３日,2021/7/3,土,sendai,仙台,urawa,浦和,0,0,25175,ユアスタ,8243
2021,Ｊ２,第２１節第１日,2021/7/3,土,sagamihara,相模原,kitakyushu,北九州,0,0,25577,ギオンス,1065
2021,Ｊ２,第２１節第１日,2021/7/3,土,tochigi,栃木,machida,町田,1,1,25575,栃木グ,2777
2021,Ｊ２,第２１節第１日,2021/7/3,土,mito,水戸,yamaguchi,山口,0,0,25574,Ｋｓスタ,3637
2021,Ｊ２,第２１節第１日,2021/7/3,土,matsumoto,松本,tokyov,東京Ｖ,2,1,25578,サンアル,6890
2021,Ｊ２,第２１節第１日,2021/7/3,土,chiba,千葉,kusatsu,群馬,2,0,25576,フクアリ,3480
2021,Ｊ２,第２１節第１日,2021/7/3,土,kyoto,京都,nagasaki,長崎,0,2,25579,サンガＳ,4466
2021,Ｊ２,第２１節第１日,2021/7/3,土,omiya,大宮,yamagata,山形,1,3,25580,ＮＡＣＫ,4374
2021,Ｊ２,第２１節第１日,2021/7/3,土,kanazawa,金沢,ryukyu,琉球,1,2,25581,石川西部,2512
2021,Ｊ２,第２１節第１日,2021/7/3,土,iwata,磐田,niigata,新潟,3,2,25582,エコパ,13652
2021,Ｊ２,第２１節第１日,2021/7/3,土,okayama,岡山,kofu,甲府,1,3,25583,Ｃスタ,3125
2021,Ｊ３,第１４節第１日,2021/7/3,土,imabari,今治,kagoshima,鹿児島,1,2,25907,夢スタ,1368
2021,Ｊ３,第１４節第１日,2021/7/3,土,toyama,富山,morioka,岩手,1,0,25908,富山,2795
2021,Ｊ３,第１４節第１日,2021/7/3,土,tottori,鳥取,numazu,沼津,1,4,25909,Ａｘｉｓ,866
2021,Ｊ１,第２１節第４日,2021/7/4,日,sapporo,札幌,tokushima,徳島,1,0,25179,札幌厚別,4444
2021,Ｊ１,第２１節第４日,2021/7/4,日,shimizu,清水,oita,大分,1,0,25180,アイスタ,6772
2021,Ｊ２,第２１節第２日,2021/7/4,日,ehime,愛媛,akita,秋田,1,3,25584,ニンスタ,1289
2021,Ｊ３,第１４節第２日,2021/7/4,日,hachinohe,八戸,fujieda,藤枝,1,0,25910,プラスタ,1511
2021,Ｊ３,第１４節第２日,2021/7/4,日,miyazaki,宮崎,fukushima,福島,3,2,25912,ユニスタ,950
2021,Ｊ３,第１４節第２日,2021/7/4,日,ysyokohama,YS横浜,sanuki,讃岐,1,2,25911,ニッパツ,989
2021,Ｊ３,第１４節第２日,2021/7/4,日,nagano,長野,gifu,岐阜,2,1,25913,長野Ｕ,3086
2021,Ｊ１,第２２節第２日,2021/7/10,土,yokohamafm,横浜FM,fukuoka,福岡,2,0,25184,ニッパツ,4873
2021,Ｊ１,第２２節第２日,2021/7/10,土,oita,大分,urawa,浦和,1,0,25186,昭和電ド,9384
2021,Ｊ１,第２２節第２日,2021/7/10,土,sendai,仙台,sapporo,札幌,1,1,25185,ユアスタ,7885
2021,Ｊ３,第１５節第１日,2021/7/10,土,fujieda,藤枝,tottori,鳥取,0,2,25914,藤枝サ,1588
2021,Ｊ３,第１５節第１日,2021/7/10,土,hachinohe,八戸,sanuki,讃岐,1,1,25915,プラスタ,2114
2021,Ｊ３,第１５節第１日,2021/7/10,土,kagoshima,鹿児島,toyama,富山,2,2,25916,白波スタ,4443
2021,Ｊ１,第２２節第３日,2021/7/11,日,hiroshima,広島,yokohamafc,横浜FC,0,1,25187,Ｅスタ,4435
2021,Ｊ１,第２２節第３日,2021/7/11,日,tokushima,徳島,shimizu,清水,2,2,25188,鳴門大塚,5091
2021,Ｊ１,第２２節第３日,2021/7/11,日,shonan,湘南,ftokyo,FC東京,0,1,25190,レモンＳ,4685
2021,Ｊ１,第２２節第３日,2021/7/11,日,kashiwa,柏,kashima,鹿島,2,1,25189,三協Ｆ柏,3854
2021,Ｊ２,第２２節第１日,2021/7/11,日,akita,秋田,chiba,千葉,1,1,25585,ソユスタ,2039
2021,Ｊ２,第２２節第１日,2021/7/11,日,nagasaki,長崎,omiya,大宮,1,1,25589,トラスタ,4470
2021,Ｊ２,第２２節第１日,2021/7/11,日,yamagata,山形,matsumoto,松本,1,0,25586,ＮＤスタ,5383
2021,Ｊ２,第２２節第１日,2021/7/11,日,kofu,甲府,ehime,愛媛,1,0,25587,ＪＩＴス,4151
2021,Ｊ２,第２２節第１日,2021/7/11,日,niigata,新潟,tochigi,栃木,3,0,25588,デンカＳ,10188
2021,Ｊ２,第２２節第１日,2021/7/11,日,ryukyu,琉球,sagamihara,相模原,0,1,25590,タピスタ,0
2021,Ｊ２,第２２節第１日,2021/7/11,日,kanazawa,金沢,okayama,岡山,0,0,25593,石川西部,1682
2021,Ｊ２,第２２節第１日,2021/7/11,日,yamaguchi,山口,iwata,磐田,2,2,25594,みらスタ,3560
2021,Ｊ２,第２２節第１日,2021/7/11,日,kitakyushu,北九州,kyoto,京都,0,2,25595,ミクスタ,2394
2021,Ｊ２,第２２節第１日,2021/7/11,日,kusatsu,群馬,tokyov,東京Ｖ,2,2,25591,正田スタ,1630
2021,Ｊ２,第２２節第１日,2021/7/11,日,machida,町田,mito,水戸,2,1,25592,Ｇスタ,1670
2021,Ｊ３,第１５節第２日,2021/7/11,日,fukushima,福島,imabari,今治,4,1,25917,あいづ,831
2021,Ｊ３,第１５節第２日,2021/7/11,日,numazu,沼津,miyazaki,宮崎,1,1,25918,愛鷹,2152
2021,Ｊ３,第１５節第２日,2021/7/11,日,nagano,長野,ysyokohama,YS横浜,2,2,25919,長野Ｕ,3276
2021,Ｊ３,第１５節第２日,2021/7/11,日,kumamoto,熊本,morioka,岩手,1,1,25920,えがおＳ,2061
2021,Ｊ１,第１８節第４日,2021/7/17,土,shimizu,清水,kawasakif,川崎Ｆ,0,2,25149,アイスタ,9015
2021,Ｊ１,第２０節第３日,2021/7/17,土,cosaka,Ｃ大阪,kobe,神戸,1,1,25164,ヨドコウ,4539
2021,Ｊ１,第２０節第３日,2021/7/17,土,tosu,鳥栖,nagoya,名古屋,3,1,25169,駅スタ,8476
2021,Ｊ１,第２１節第５日,2021/7/17,土,fukuoka,福岡,gosaka,Ｇ大阪,0,1,25182,ベススタ,6591
2021,Ｊ２,第２３節第１日,2021/7/17,土,matsumoto,松本,mito,水戸,0,1,25598,サンアル,7569
2021,Ｊ２,第２３節第１日,2021/7/17,土,tochigi,栃木,kofu,甲府,0,1,25596,栃木グ,3573
2021,Ｊ２,第２３節第１日,2021/7/17,土,chiba,千葉,kanazawa,金沢,2,1,25597,フクアリ,3962
2021,Ｊ２,第２３節第１日,2021/7/17,土,kyoto,京都,niigata,新潟,1,1,25599,サンガＳ,7949
2021,Ｊ２,第２３節第１日,2021/7/17,土,nagasaki,長崎,kitakyushu,北九州,3,2,25602,トラスタ,5211
2021,Ｊ２,第２３節第１日,2021/7/17,土,iwata,磐田,yamagata,山形,1,2,25600,ヤマハ,6960
2021,Ｊ２,第２３節第１日,2021/7/17,土,yamaguchi,山口,akita,秋田,1,0,25601,みらスタ,2848
2021,Ｊ２,第２３節第２日,2021/7/18,日,okayama,岡山,kusatsu,群馬,0,1,25603,Ｃスタ,4090
2021,Ｊ２,第２３節第２日,2021/7/18,日,omiya,大宮,ryukyu,琉球,2,2,25604,ＮＡＣＫ,4567
2021,Ｊ２,第２３節第２日,2021/7/18,日,machida,町田,sagamihara,相模原,1,0,25605,Ｇスタ,4011
2021,Ｊ２,第２３節第２日,2021/7/18,日,ehime,愛媛,tokyov,東京Ｖ,2,2,25606,ニンスタ,2467
2021,Ｊ１,第２１節第６日,2021/7/21,水,cosaka,Ｃ大阪,ftokyo,FC東京,3,3,25183,ヨドコウ,4067
2021,Ｊ１,第２２節第４日,2021/7/21,水,gosaka,Ｇ大阪,kobe,神戸,1,2,25193,パナスタ,4998
2021,Ｊ１,第２節第３日,2021/7/24,土,gosaka,Ｇ大阪,kashima,鹿島,0,1,24989,パナスタ,4961
2021,Ｊ１,第２２節第５日,2021/7/24,土,tosu,鳥栖,cosaka,Ｃ大阪,3,3,25192,駅スタ,8330
2021,Ｊ１,第３節第２日,2021/7/27,火,gosaka,Ｇ大阪,oita,大分,2,1,24999,パナスタ,4205
2021,Ｊ１,第４節第３日,2021/7/30,金,sapporo,札幌,gosaka,Ｇ大阪,0,2,25004,札幌厚別,3845
2021,Ｊ１,第５節第２日,2021/8/3,火,sendai,仙台,gosaka,Ｇ大阪,0,1,25020,ユアスタ,4940
2021,Ｊ１,第６節第３日,2021/8/6,金,gosaka,Ｇ大阪,yokohamafm,横浜FM,2,3,25026,パナスタ,4459
2021,Ｊ１,第２３節第１日,2021/8/9,月・休,sapporo,札幌,urawa,浦和,2,1,25203,札幌ド,8330
2021,Ｊ１,第２３節第１日,2021/8/9,月・休,yokohamafc,横浜FC,nagoya,名古屋,2,0,25194,ニッパツ,4222
2021,Ｊ１,第２３節第１日,2021/8/9,月・休,shimizu,清水,yokohamafm,横浜FM,2,2,25195,アイスタ,7890
2021,Ｊ１,第２３節第１日,2021/8/9,月・休,kobe,神戸,kashiwa,柏,1,2,25198,ノエスタ,8707
2021,Ｊ１,第２３節第１日,2021/8/9,月・休,oita,大分,kawasakif,川崎Ｆ,0,2,25202,昭和電ド,7817
2021,Ｊ１,第２３節第１日,2021/8/9,月・休,cosaka,Ｃ大阪,sendai,仙台,0,0,25197,ヨドコウ,4200
2021,Ｊ１,第２３節第１日,2021/8/9,月・休,fukuoka,福岡,hiroshima,広島,1,1,25200,ベススタ,5182
2021,Ｊ１,第２３節第１日,2021/8/9,月・休,tosu,鳥栖,ftokyo,FC東京,1,0,25201,駅スタ,8096
2021,Ｊ１,第２３節第１日,2021/8/9,月・休,shonan,湘南,kashima,鹿島,1,2,25196,レモンＳ,4473
2021,Ｊ１,第２３節第１日,2021/8/9,月・休,tokushima,徳島,gosaka,Ｇ大阪,2,1,25199,鳴門大塚,6415
2021,Ｊ２,第２４節第１日,2021/8/9,月・休,sagamihara,相模原,tochigi,栃木,0,0,25607,ギオンス,2468
2021,Ｊ２,第２４節第１日,2021/8/9,月・休,niigata,新潟,omiya,大宮,2,2,25609,デンカＳ,12587
2021,Ｊ２,第２４節第１日,2021/8/9,月・休,kofu,甲府,iwata,磐田,2,2,25608,ＪＩＴス,5135
2021,Ｊ２,第２４節第１日,2021/8/9,月・休,kyoto,京都,machida,町田,2,1,25611,サンガＳ,4331
2021,Ｊ２,第２４節第１日,2021/8/9,月・休,akita,秋田,matsumoto,松本,1,4,25610,ソユスタ,3703
2021,Ｊ２,第２４節第１日,2021/8/9,月・休,kitakyushu,北九州,ryukyu,琉球,1,2,25617,ミクスタ,2577
2021,Ｊ２,第２４節第１日,2021/8/9,月・休,yamagata,山形,chiba,千葉,3,1,25612,ＮＤスタ,8340
2021,Ｊ２,第２４節第１日,2021/8/9,月・休,kusatsu,群馬,ehime,愛媛,1,1,25614,正田スタ,1445
2021,Ｊ２,第２４節第１日,2021/8/9,月・休,mito,水戸,tokyov,東京Ｖ,1,1,25613,Ｋｓスタ,2758
2021,Ｊ２,第２４節第１日,2021/8/9,月・休,okayama,岡山,yamaguchi,山口,1,0,25616,Ｃスタ,4038
2021,Ｊ１,第１８節第５日,2021/8/12,木,yokohamafm,横浜FM,nagoya,名古屋,2,0,25147,ニッパツ,4828
2021,Ｊ１,第２４節第１日,2021/8/13,金,shimizu,清水,gosaka,Ｇ大阪,0,1,25205,アイスタ,6865
2021,Ｊ１,第２４節第２日,2021/8/14,土,sapporo,札幌,ftokyo,FC東京,3,2,25206,札幌ド,7437
2021,Ｊ１,第２４節第２日,2021/8/14,土,urawa,浦和,tosu,鳥栖,2,1,25209,浦和駒場,4704
2021,Ｊ１,第２４節第２日,2021/8/14,土,sendai,仙台,yokohamafc,横浜FC,0,0,25208,ユアスタ,5827
2021,Ｊ１,第２４節第２日,2021/8/14,土,kashiwa,柏,kawasakif,川崎Ｆ,0,0,25210,三協Ｆ柏,3931
2021,Ｊ２,第２５節第１日,2021/8/14,土,sagamihara,相模原,kofu,甲府,2,1,25620,ギオンス,1981
2021,Ｊ２,第２５節第１日,2021/8/14,土,chiba,千葉,niigata,新潟,0,0,25619,フクアリ,3193
2021,Ｊ２,第２５節第１日,2021/8/14,土,ryukyu,琉球,mito,水戸,0,1,25622,タピスタ,0
2021,Ｊ２,第２５節第１日,2021/8/14,土,machida,町田,okayama,岡山,1,1,25624,Ｇスタ,1822
2021,Ｊ２,第２５節第１日,2021/8/14,土,omiya,大宮,akita,秋田,1,1,25623,ＮＡＣＫ,3333
2021,Ｊ２,第２５節第１日,2021/8/14,土,iwata,磐田,tokyov,東京Ｖ,2,1,25625,ヤマハ,4564
2021,Ｊ１,第２４節第３日,2021/8/15,日,yokohamafm,横浜FM,oita,大分,5,1,25204,ニッパツ,4752
2021,Ｊ１,第２４節第３日,2021/8/15,日,nagoya,名古屋,shonan,湘南,1,0,25207,豊田ス,18135
2021,Ｊ１,第２４節第３日,2021/8/15,日,kashima,鹿島,tokushima,徳島,3,0,25212,カシマ,7139
2021,Ｊ１,第２４節第３日,2021/8/15,日,fukuoka,福岡,cosaka,Ｃ大阪,2,1,25213,ベススタ,4063
2021,Ｊ２,第２５節第２日,2021/8/15,日,ehime,愛媛,kitakyushu,北九州,2,2,25628,ニンスタ,1594
2021,Ｊ１,第２５節第１日,2021/8/21,土,yokohamafm,横浜FM,sendai,仙台,5,0,25214,ニッパツ,4857
2021,Ｊ１,第２５節第１日,2021/8/21,土,kobe,神戸,kashima,鹿島,1,0,25218,ノエスタ,6426
2021,Ｊ１,第２５節第１日,2021/8/21,土,gosaka,Ｇ大阪,ftokyo,FC東京,0,0,25217,パナスタ,4973
2021,Ｊ１,第２５節第１日,2021/8/21,土,cosaka,Ｃ大阪,yokohamafc,横浜FC,3,1,25222,ヨドコウ,4651
2021,Ｊ１,第２５節第１日,2021/8/21,土,oita,大分,sapporo,札幌,1,1,25221,昭和電ド,5188
2021,Ｊ１,第２５節第１日,2021/8/21,土,kashiwa,柏,tosu,鳥栖,1,3,25215,三協Ｆ柏,4497
2021,Ｊ１,第２５節第１日,2021/8/21,土,hiroshima,広島,kawasakif,川崎Ｆ,1,1,25219,Ｅスタ,4885
2021,Ｊ１,第２５節第１日,2021/8/21,土,shonan,湘南,shimizu,清水,1,1,25216,レモンＳ,4417
2021,Ｊ１,第２５節第１日,2021/8/21,土,tokushima,徳島,urawa,浦和,0,1,25220,鳴門大塚,7046
2021,Ｊ２,第２６節第１日,2021/8/21,土,tochigi,栃木,tokyov,東京Ｖ,2,2,25629,栃木グ,1977
2021,Ｊ２,第２６節第１日,2021/8/21,土,kofu,甲府,chiba,千葉,1,1,25630,ＪＩＴス,2956
2021,Ｊ２,第２６節第１日,2021/8/21,土,okayama,岡山,omiya,大宮,1,0,25632,Ｃスタ,2996
2021,Ｊ２,第２６節第１日,2021/8/21,土,kanazawa,金沢,iwata,磐田,1,2,25631,石川西部,4674
2021,Ｊ１,第２５節第２日,2021/8/22,日,nagoya,名古屋,fukuoka,福岡,1,0,25223,豊田ス,12172
2021,Ｊ２,第２６節第２日,2021/8/22,日,matsumoto,松本,ehime,愛媛,0,1,25633,サンアル,5531
2021,Ｊ２,第２６節第２日,2021/8/22,日,niigata,新潟,sagamihara,相模原,2,1,25634,デンカＳ,8951
2021,Ｊ２,第２６節第２日,2021/8/22,日,akita,秋田,nagasaki,長崎,1,1,25635,ソユスタ,1446
2021,Ｊ２,第２６節第２日,2021/8/22,日,yamagata,山形,ryukyu,琉球,2,2,25636,ＮＤスタ,4776
2021,Ｊ２,第２６節第２日,2021/8/22,日,mito,水戸,kyoto,京都,0,2,25637,Ｋｓスタ,1922
2021,Ｊ２,第２６節第２日,2021/8/22,日,kusatsu,群馬,yamaguchi,山口,3,0,25638,正田スタ,1212
2021,Ｊ２,第２６節第２日,2021/8/22,日,kitakyushu,北九州,machida,町田,2,1,25639,ミクスタ,3018
2021,Ｊ１,第２６節第１日,2021/8/25,水,cosaka,Ｃ大阪,shonan,湘南,1,5,25232,ヨドコウ,4508
2021,Ｊ１,第２６節第１日,2021/8/25,水,tokushima,徳島,kashiwa,柏,0,1,25233,鳴門大塚,3384
2021,Ｊ１,第２６節第１日,2021/8/25,水,oita,大分,kobe,神戸,1,3,25231,昭和電ド,5488
2021,Ｊ１,第２６節第１日,2021/8/25,水,sendai,仙台,ftokyo,FC東京,1,2,25225,ユアスタ,3096
2021,Ｊ１,第２６節第１日,2021/8/25,水,tosu,鳥栖,yokohamafm,横浜FM,0,4,25230,駅スタ,5907
2021,Ｊ１,第２６節第１日,2021/8/25,水,urawa,浦和,hiroshima,広島,1,0,25226,浦和駒場,4425
2021,Ｊ１,第２６節第１日,2021/8/25,水,shimizu,清水,kashima,鹿島,0,4,25228,アイスタ,4356
2021,Ｊ１,第２６節第１日,2021/8/25,水,yokohamafc,横浜FC,gosaka,Ｇ大阪,3,1,25227,ニッパツ,3892
2021,Ｊ１,第２６節第１日,2021/8/25,水,fukuoka,福岡,kawasakif,川崎Ｆ,1,0,25229,ベススタ,4461
2021,Ｊ１,第２６節第１日,2021/8/25,水,sapporo,札幌,nagoya,名古屋,0,2,25224,札幌厚別,3106
2021,Ｊ２,第２４節第２日,2021/8/25,水,kanazawa,金沢,nagasaki,長崎,0,2,25615,石川西部,957
2021,Ｊ２,第２５節第３日,2021/8/25,水,tochigi,栃木,kusatsu,群馬,0,1,25618,栃木グ,900
2021,Ｊ１,第２７節第１日,2021/8/28,土,sapporo,札幌,kawasakif,川崎Ｆ,0,2,25234,札幌ド,5610
2021,Ｊ１,第２７節第１日,2021/8/28,土,kobe,神戸,ftokyo,FC東京,0,1,25237,ノエスタ,5228
2021,Ｊ１,第２７節第１日,2021/8/28,土,gosaka,Ｇ大阪,cosaka,Ｃ大阪,0,1,25236,パナスタ,4976
2021,Ｊ１,第２７節第１日,2021/8/28,土,hiroshima,広島,oita,大分,4,1,25238,Ｅスタ,4106
2021,Ｊ１,第２７節第１日,2021/8/28,土,yokohamafm,横浜FM,kashima,鹿島,0,2,25235,日産ス,4892
2021,Ｊ２,第２７節第１日,2021/8/28,土,chiba,千葉,nagasaki,長崎,2,0,25640,フクアリ,3588
2021,Ｊ２,第２７節第１日,2021/8/28,土,ryukyu,琉球,akita,秋田,2,1,25642,タピスタ,0
2021,Ｊ２,第２７節第１日,2021/8/28,土,kyoto,京都,tokyov,東京Ｖ,3,1,25641,サンガＳ,4111
2021,Ｊ２,第２７節第１日,2021/8/28,土,kitakyushu,北九州,okayama,岡山,0,0,25646,ミクスタ,3930
2021,Ｊ２,第２７節第１日,2021/8/28,土,mito,水戸,niigata,新潟,4,0,25643,Ｋｓスタ,2217
2021,Ｊ２,第２７節第１日,2021/8/28,土,iwata,磐田,sagamihara,相模原,1,1,25644,ヤマハ,4185
2021,Ｊ２,第２７節第１日,2021/8/28,土,yamaguchi,山口,yamagata,山形,2,1,25645,みらスタ,2279
2021,Ｊ３,第１６節第１日,2021/8/28,土,morioka,岩手,hachinohe,八戸,3,2,25921,いわスタ,1302
2021,Ｊ３,第１６節第１日,2021/8/28,土,sanuki,讃岐,kagoshima,鹿児島,1,2,25923,ピカスタ,1232
2021,Ｊ３,第１６節第１日,2021/8/28,土,gifu,岐阜,fukushima,福島,0,4,25922,長良川,2538
2021,Ｊ３,第１６節第１日,2021/8/28,土,toyama,富山,fujieda,藤枝,2,1,25924,富山,3790
2021,Ｊ３,第１６節第１日,2021/8/28,土,tottori,鳥取,kumamoto,熊本,1,2,25925,Ａｘｉｓ,1351
2021,Ｊ１,第２７節第２日,2021/8/29,日,nagoya,名古屋,shimizu,清水,1,1,25239,豊田ス,12424
2021,Ｊ１,第２７節第２日,2021/8/29,日,shonan,湘南,urawa,浦和,0,0,25242,レモンＳ,4635
2021,Ｊ１,第２７節第２日,2021/8/29,日,sendai,仙台,tosu,鳥栖,0,1,25240,ユアスタ,3807
2021,Ｊ１,第２７節第２日,2021/8/29,日,kashiwa,柏,yokohamafc,横浜FC,2,1,25241,三協Ｆ柏,4344
2021,Ｊ１,第２７節第２日,2021/8/29,日,fukuoka,福岡,tokushima,徳島,3,0,25243,ベススタ,3951
2021,Ｊ２,第２７節第２日,2021/8/29,日,kusatsu,群馬,kanazawa,金沢,0,0,25650,正田スタ,0
2021,Ｊ２,第２７節第２日,2021/8/29,日,machida,町田,kofu,甲府,3,0,25648,Ｇスタ,3381
2021,Ｊ２,第２７節第２日,2021/8/29,日,omiya,大宮,matsumoto,松本,4,0,25647,ＮＡＣＫ,3615
2021,Ｊ２,第２７節第２日,2021/8/29,日,ehime,愛媛,tochigi,栃木,0,1,25649,ニンスタ,1770
2021,Ｊ３,第１６節第２日,2021/8/29,日,miyazaki,宮崎,nagano,長野,0,2,25926,ユニスタ,589
2021,Ｊ３,第１６節第２日,2021/8/29,日,imabari,今治,numazu,沼津,0,0,25927,夢スタ,1155
2021,Ｊ２,第２８節第１日,2021/9/4,土,niigata,新潟,kitakyushu,北九州,0,0,25656,デンカＳ,7617
2021,Ｊ２,第２８節第１日,2021/9/4,土,matsumoto,松本,iwata,磐田,0,4,25655,サンアル,4922
2021,Ｊ２,第２８節第１日,2021/9/4,土,akita,秋田,kusatsu,群馬,1,0,25651,ソユスタ,1389
2021,Ｊ２,第２８節第１日,2021/9/4,土,sagamihara,相模原,chiba,千葉,1,0,25653,ギオンス,3641
2021,Ｊ２,第２８節第１日,2021/9/4,土,kofu,甲府,kyoto,京都,3,0,25654,ＪＩＴス,2223
2021,Ｊ２,第２８節第１日,2021/9/4,土,yamagata,山形,mito,水戸,0,1,25652,ＮＤスタ,4515
2021,Ｊ２,第２８節第１日,2021/9/4,土,nagasaki,長崎,ryukyu,琉球,3,1,25658,トラスタ,3679
2021,Ｊ２,第２８節第１日,2021/9/4,土,kanazawa,金沢,machida,町田,0,4,25657,石川西部,2390
2021,Ｊ３,第１７節第１日,2021/9/4,土,ysyokohama,YS横浜,gifu,岐阜,0,3,25929,ニッパツ,1137
2021,Ｊ３,第１７節第１日,2021/9/4,土,fujieda,藤枝,sanuki,讃岐,5,0,25930,藤枝サ,559
2021,Ｊ３,第１７節第１日,2021/9/4,土,hachinohe,八戸,miyazaki,宮崎,0,1,25928,プラスタ,538
2021,Ｊ１,第２４節第４日,2021/9/5,日,hiroshima,広島,kobe,神戸,1,1,25211,Ｅスタ,5438
2021,Ｊ２,第２８節第２日,2021/9/5,日,tochigi,栃木,yamaguchi,山口,3,2,25659,栃木グ,1821
2021,Ｊ２,第２８節第２日,2021/9/5,日,okayama,岡山,ehime,愛媛,0,0,25661,Ｃスタ,3601
2021,Ｊ２,第２８節第２日,2021/9/5,日,omiya,大宮,tokyov,東京Ｖ,2,1,25660,ＮＡＣＫ,4160
2021,Ｊ３,第１７節第２日,2021/9/5,日,fukushima,福島,tottori,鳥取,2,1,25931,とうスタ,760
2021,Ｊ３,第１７節第２日,2021/9/5,日,numazu,沼津,toyama,富山,2,1,25933,愛鷹,924
2021,Ｊ３,第１７節第２日,2021/9/5,日,kumamoto,熊本,imabari,今治,1,0,25934,えがおＳ,2349
2021,Ｊ３,第１７節第２日,2021/9/5,日,nagano,長野,morioka,岩手,0,1,25932,長野Ｕ,2227
2021,Ｊ２,第２５節第４日,2021/9/7,火,matsumoto,松本,kyoto,京都,2,2,25621,サンアル,3904
2021,Ｊ１,第１９節第４日,2021/9/8,水,sapporo,札幌,cosaka,Ｃ大阪,0,3,25154,札幌厚別,3201
2021,Ｊ１,第２８節第１日,2021/9/10,金,nagoya,名古屋,tokushima,徳島,3,0,25248,豊田ス,4964
2021,Ｊ１,第２８節第２日,2021/9/11,土,kashima,鹿島,fukuoka,福岡,0,3,25245,カシマ,0
2021,Ｊ１,第２８節第２日,2021/9/11,土,cosaka,Ｃ大阪,sapporo,札幌,0,2,25250,ヨドコウ,4927
2021,Ｊ１,第２８節第２日,2021/9/11,土,yokohamafc,横浜FC,urawa,浦和,0,2,25244,ニッパツ,4992
2021,Ｊ１,第２８節第２日,2021/9/11,土,oita,大分,shonan,湘南,2,0,25253,昭和電ド,5579
2021,Ｊ１,第２８節第２日,2021/9/11,土,tosu,鳥栖,shimizu,清水,2,1,25252,駅スタ,7015
2021,Ｊ１,第２８節第２日,2021/9/11,土,hiroshima,広島,yokohamafm,横浜FM,1,3,25251,Ｅスタ,4058
2021,Ｊ２,第２９節第１日,2021/9/11,土,chiba,千葉,iwata,磐田,1,3,25663,フクアリ,3841
2021,Ｊ２,第２９節第１日,2021/9/11,土,tokyov,東京Ｖ,matsumoto,松本,2,0,25664,味スタ,3505
2021,Ｊ２,第２９節第１日,2021/9/11,土,mito,水戸,akita,秋田,0,3,25662,Ｋｓスタ,1833
2021,Ｊ２,第２９節第１日,2021/9/11,土,niigata,新潟,yamagata,山形,1,2,25665,デンカＳ,9754
2021,Ｊ２,第２９節第１日,2021/9/11,土,kyoto,京都,ryukyu,琉球,2,1,25666,サンガＳ,4405
2021,Ｊ２,第２９節第１日,2021/9/11,土,nagasaki,長崎,sagamihara,相模原,0,0,25670,トラスタ,3964
2021,Ｊ２,第２９節第１日,2021/9/11,土,kitakyushu,北九州,kanazawa,金沢,1,0,25669,ミクスタ,2451
2021,Ｊ２,第２９節第１日,2021/9/11,土,okayama,岡山,tochigi,栃木,0,1,25667,Ｃスタ,3777
2021,Ｊ２,第２９節第１日,2021/9/11,土,yamaguchi,山口,machida,町田,0,1,25668,みらスタ,2369
2021,Ｊ３,第１８節第１日,2021/9/11,土,gifu,岐阜,tottori,鳥取,0,3,25936,長良川,2521
2021,Ｊ３,第１８節第１日,2021/9/11,土,toyama,富山,nagano,長野,3,0,25935,富山,2733
2021,Ｊ３,第１８節第１日,2021/9/11,土,kagoshima,鹿児島,morioka,岩手,1,2,25937,白波スタ,2285
2021,Ｊ１,第２８節第３日,2021/9/12,日,gosaka,Ｇ大阪,sendai,仙台,2,3,25249,パナスタ,4777
2021,Ｊ１,第２８節第３日,2021/9/12,日,ftokyo,FC東京,kashiwa,柏,0,1,25246,味スタ,4987
2021,Ｊ２,第２９節第２日,2021/9/12,日,kusatsu,群馬,kofu,甲府,0,3,25671,正田スタ,1234
2021,Ｊ２,第２９節第２日,2021/9/12,日,ehime,愛媛,omiya,大宮,3,3,25672,ニンスタ,1827
2021,Ｊ３,第１８節第２日,2021/9/12,日,fukushima,福島,numazu,沼津,2,1,25938,とうスタ,683
2021,Ｊ３,第１８節第２日,2021/9/12,日,sanuki,讃岐,hachinohe,八戸,0,1,25939,ピカスタ,1060
2021,Ｊ３,第１８節第２日,2021/9/12,日,miyazaki,宮崎,ysyokohama,YS横浜,1,1,25941,ユニスタ,421
2021,Ｊ３,第１８節第２日,2021/9/12,日,imabari,今治,fujieda,藤枝,4,3,25940,夢スタ,1430
2021,Ｊ２,第２５節第５日,2021/9/14,火,nagasaki,長崎,yamagata,山形,5,1,25627,トラスタ,2232
2021,Ｊ２,第２５節第５日,2021/9/14,火,yamaguchi,山口,kanazawa,金沢,4,1,25626,みらスタ,1293
2021,Ｊ１,第２９節第２日,2021/9/18,土,kobe,神戸,sapporo,札幌,1,0,25262,神戸ユ,4724
2021,Ｊ１,第２９節第２日,2021/9/18,土,kashiwa,柏,hiroshima,広島,0,3,25257,三協Ｆ柏,3894
2021,Ｊ１,第２９節第２日,2021/9/18,土,kashima,鹿島,gosaka,Ｇ大阪,3,1,25255,カシマ,3586
2021,Ｊ１,第２９節第２日,2021/9/18,土,shonan,湘南,fukuoka,福岡,1,1,25260,レモンＳ,4220
2021,Ｊ１,第２９節第２日,2021/9/18,土,tokushima,徳島,kawasakif,川崎Ｆ,1,3,25263,鳴門大塚,6464
2021,Ｊ１,第２９節第２日,2021/9/18,土,nagoya,名古屋,yokohamafm,横浜FM,2,1,25259,豊田ス,9953
2021,Ｊ１,第２９節第２日,2021/9/18,土,tosu,鳥栖,oita,大分,0,0,25254,駅スタ,6472
2021,Ｊ１,第２９節第２日,2021/9/18,土,shimizu,清水,sendai,仙台,2,1,25261,アイスタ,5453
2021,Ｊ１,第２９節第２日,2021/9/18,土,ftokyo,FC東京,yokohamafc,横浜FC,4,0,25258,味スタ,4368
2021,Ｊ１,第２９節第２日,2021/9/18,土,urawa,浦和,cosaka,Ｃ大阪,2,0,25256,埼玉,4887
2021,Ｊ２,第３０節第１日,2021/9/18,土,chiba,千葉,ehime,愛媛,1,0,25675,フクアリ,3077
2021,Ｊ２,第３０節第１日,2021/9/18,土,kofu,甲府,omiya,大宮,1,0,25677,ＪＩＴス,3008
2021,Ｊ２,第３０節第１日,2021/9/18,土,tochigi,栃木,mito,水戸,0,0,25674,カンセキ,2676
2021,Ｊ２,第３０節第１日,2021/9/18,土,ryukyu,琉球,kusatsu,群馬,0,1,25679,タピスタ,559
2021,Ｊ２,第３０節第１日,2021/9/18,土,machida,町田,nagasaki,長崎,3,3,25676,Ｇスタ,1549
2021,Ｊ２,第３０節第１日,2021/9/18,土,yamagata,山形,kyoto,京都,0,2,25673,ＮＤスタ,4588
2021,Ｊ２,第３０節第１日,2021/9/18,土,iwata,磐田,okayama,岡山,1,1,25678,ヤマハ,4248
2021,Ｊ３,第１９節第１日,2021/9/18,土,ysyokohama,YS横浜,imabari,今治,0,0,25943,ニッパツ,477
2021,Ｊ３,第１９節第１日,2021/9/18,土,tottori,鳥取,kagoshima,鹿児島,0,2,25944,Ａｘｉｓ,1225
2021,Ｊ２,第３０節第２日,2021/9/19,日,akita,秋田,kitakyushu,北九州,1,1,25680,ソユスタ,2003
2021,Ｊ２,第３０節第２日,2021/9/19,日,sagamihara,相模原,yamaguchi,山口,2,0,25682,ギオンス,2897
2021,Ｊ２,第３０節第２日,2021/9/19,日,tokyov,東京Ｖ,niigata,新潟,1,3,25681,味スタ,4752
2021,Ｊ２,第３０節第２日,2021/9/19,日,kanazawa,金沢,matsumoto,松本,1,1,25683,石川西部,3420
2021,Ｊ３,第１９節第２日,2021/9/19,日,fujieda,藤枝,fukushima,福島,1,0,25947,藤枝サ,875
2021,Ｊ３,第１９節第２日,2021/9/19,日,numazu,沼津,sanuki,讃岐,0,2,25948,愛鷹,936
2021,Ｊ３,第１９節第２日,2021/9/19,日,morioka,岩手,miyazaki,宮崎,0,1,25945,いわスタ,1637
2021,Ｊ３,第１９節第２日,2021/9/19,日,nagano,長野,kumamoto,熊本,0,2,25946,長野Ｕ,2546
2021,Ｊ１,第３２節第１日,2021/9/22,水,hiroshima,広島,cosaka,Ｃ大阪,0,1,25291,Ｅスタ,3905
2021,Ｊ１,第３２節第１日,2021/9/22,水,ftokyo,FC東京,nagoya,名古屋,1,1,25286,味スタ,4982
2021,Ｊ１,第３２節第１日,2021/9/22,水,kashima,鹿島,kawasakif,川崎Ｆ,1,2,25284,カシマ,4925
2021,Ｊ１,第３０節第１日,2021/9/24,金,shimizu,清水,kobe,神戸,0,2,25264,アイスタ,7314
2021,Ｊ１,第３０節第２日,2021/9/25,土,sendai,仙台,tokushima,徳島,0,1,25266,ユアスタ,4613
2021,Ｊ１,第３０節第２日,2021/9/25,土,ftokyo,FC東京,urawa,浦和,1,2,25267,味スタ,4875
2021,Ｊ１,第３０節第２日,2021/9/25,土,yokohamafc,横浜FC,yokohamafm,横浜FM,2,2,25269,ニッパツ,4957
2021,Ｊ１,第３０節第２日,2021/9/25,土,fukuoka,福岡,tosu,鳥栖,3,0,25272,ベススタ,4996
2021,Ｊ２,第３１節第１日,2021/9/25,土,kusatsu,群馬,chiba,千葉,0,1,25684,正田スタ,2737
2021,Ｊ２,第３１節第１日,2021/9/25,土,niigata,新潟,kofu,甲府,1,0,25686,デンカＳ,10242
2021,Ｊ２,第３１節第１日,2021/9/25,土,omiya,大宮,sagamihara,相模原,1,0,25685,ＮＡＣＫ,4552
2021,Ｊ２,第３１節第１日,2021/9/25,土,kyoto,京都,tochigi,栃木,2,0,25688,サンガＳ,4703
2021,Ｊ２,第３１節第１日,2021/9/25,土,ehime,愛媛,yamagata,山形,0,4,25690,ニンスタ,2134
2021,Ｊ２,第３１節第１日,2021/9/25,土,iwata,磐田,ryukyu,琉球,2,0,25687,ヤマハ,4977
2021,Ｊ２,第３１節第１日,2021/9/25,土,yamaguchi,山口,nagasaki,長崎,1,3,25689,みらスタ,2699
2021,Ｊ３,第２０節第１日,2021/9/25,土,kagoshima,鹿児島,gifu,岐阜,1,0,25950,白波スタ,4026
2021,Ｊ１,第３０節第３日,2021/9/26,日,sapporo,札幌,hiroshima,広島,0,2,25265,札幌ド,4999
2021,Ｊ１,第３０節第３日,2021/9/26,日,cosaka,Ｃ大阪,kashima,鹿島,1,2,25271,ヨドコウ,4912
2021,Ｊ１,第３０節第３日,2021/9/26,日,nagoya,名古屋,oita,大分,1,0,25273,豊田ス,9422
2021,Ｊ１,第３０節第３日,2021/9/26,日,kawasakif,川崎Ｆ,shonan,湘南,2,1,25268,等々力,4897
2021,Ｊ１,第３０節第３日,2021/9/26,日,gosaka,Ｇ大阪,kashiwa,柏,2,1,25270,パナスタ,4886
2021,Ｊ２,第３１節第２日,2021/9/26,日,okayama,岡山,akita,秋田,1,1,25694,Ｃスタ,4835
2021,Ｊ２,第３１節第２日,2021/9/26,日,matsumoto,松本,kitakyushu,北九州,2,1,25693,サンアル,4465
2021,Ｊ２,第３１節第２日,2021/9/26,日,mito,水戸,kanazawa,金沢,2,1,25691,Ｋｓスタ,2249
2021,Ｊ２,第３１節第２日,2021/9/26,日,tokyov,東京Ｖ,machida,町田,0,1,25692,味スタ,4724
2021,Ｊ３,第２０節第２日,2021/9/26,日,miyazaki,宮崎,numazu,沼津,2,1,25955,ユニスタ,747
2021,Ｊ３,第２０節第２日,2021/9/26,日,toyama,富山,tottori,鳥取,0,2,25951,富山,2043
2021,Ｊ３,第２０節第２日,2021/9/26,日,sanuki,讃岐,ysyokohama,YS横浜,0,1,25952,ピカスタ,1191
2021,Ｊ３,第２０節第２日,2021/9/26,日,kumamoto,熊本,fukushima,福島,1,0,25954,えがおＳ,3571
2021,Ｊ３,第２０節第２日,2021/9/26,日,imabari,今治,morioka,岩手,0,1,25953,夢スタ,1650
2021,Ｊ１,第２８節第４日,2021/9/29,水,kawasakif,川崎Ｆ,kobe,神戸,3,1,25247,等々力,4932
2021,Ｊ１,第３１節第１日,2021/10/1,金,shonan,湘南,yokohamafm,横浜FM,0,1,25274,レモンＳ,5190
2021,Ｊ１,第３１節第２日,2021/10/2,土,fukuoka,福岡,shimizu,清水,1,2,25282,ベススタ,6216
2021,Ｊ１,第３１節第２日,2021/10/2,土,kobe,神戸,urawa,浦和,5,1,25279,ノエスタ,7923
2021,Ｊ１,第３１節第２日,2021/10/2,土,kashima,鹿島,yokohamafc,横浜FC,1,2,25275,カシマ,7208
2021,Ｊ１,第３１節第２日,2021/10/2,土,kashiwa,柏,sendai,仙台,1,1,25276,三協Ｆ柏,5430
2021,Ｊ１,第３１節第２日,2021/10/2,土,kawasakif,川崎Ｆ,ftokyo,FC東京,1,0,25277,等々力,9789
2021,Ｊ１,第３１節第２日,2021/10/2,土,gosaka,Ｇ大阪,sapporo,札幌,1,5,25278,パナスタ,9987
2021,Ｊ２,第３２節第１日,2021/10/2,土,akita,秋田,ehime,愛媛,0,2,25695,ソユスタ,1411
2021,Ｊ２,第３２節第１日,2021/10/2,土,nagasaki,長崎,kyoto,京都,2,0,25697,トラスタ,5507
2021,Ｊ２,第３２節第１日,2021/10/2,土,kofu,甲府,yamagata,山形,2,0,25696,ＪＩＴス,3918
2021,Ｊ２,第３２節第１日,2021/10/2,土,ryukyu,琉球,okayama,岡山,1,1,25698,タピスタ,1815
2021,Ｊ３,第２１節第１日,2021/10/2,土,gifu,岐阜,imabari,今治,2,1,25956,長良川,3012
2021,Ｊ３,第２１節第１日,2021/10/2,土,kagoshima,鹿児島,ysyokohama,YS横浜,1,3,25957,白波スタ,3609
2021,Ｊ１,第３１節第３日,2021/10/3,日,tokushima,徳島,tosu,鳥栖,3,0,25281,鳴門大塚,5645
2021,Ｊ１,第３１節第３日,2021/10/3,日,hiroshima,広島,nagoya,名古屋,1,0,25280,Ｅスタ,7885
2021,Ｊ１,第３１節第３日,2021/10/3,日,oita,大分,cosaka,Ｃ大阪,1,0,25283,昭和電ド,6989
2021,Ｊ２,第３２節第２日,2021/10/3,日,sagamihara,相模原,mito,水戸,4,4,25702,ギオンス,2225
2021,Ｊ２,第３２節第２日,2021/10/3,日,tochigi,栃木,omiya,大宮,1,3,25699,カンセキ,4861
2021,Ｊ２,第３２節第２日,2021/10/3,日,chiba,千葉,matsumoto,松本,0,0,25700,フクアリ,3895
2021,Ｊ２,第３２節第２日,2021/10/3,日,yamaguchi,山口,tokyov,東京Ｖ,1,2,25704,みらスタ,2998
2021,Ｊ２,第３２節第２日,2021/10/3,日,kitakyushu,北九州,kusatsu,群馬,2,2,25705,ミクスタ,2829
2021,Ｊ２,第３２節第２日,2021/10/3,日,kanazawa,金沢,niigata,新潟,1,0,25703,石川西部,3955
2021,Ｊ２,第３２節第２日,2021/10/3,日,machida,町田,iwata,磐田,1,2,25701,Ｇスタ,5433
2021,Ｊ３,第２１節第２日,2021/10/3,日,tottori,鳥取,miyazaki,宮崎,0,4,25961,チュスタ,1861
2021,Ｊ３,第２１節第２日,2021/10/3,日,numazu,沼津,hachinohe,八戸,7,2,25960,愛鷹,1229
2021,Ｊ３,第２１節第２日,2021/10/3,日,fukushima,福島,toyama,富山,1,3,25958,とうスタ,1641
2021,Ｊ３,第２１節第２日,2021/10/3,日,nagano,長野,sanuki,讃岐,0,0,25959,長野Ｕ,2034
2021,Ｊ３,第２１節第２日,2021/10/3,日,kumamoto,熊本,fujieda,藤枝,3,2,25962,えがおＳ,2377
2021,Ｊ３,第１９節第３日,2021/10/6,水,hachinohe,八戸,toyama,富山,0,1,25942,プラスタ,445
2021,Ｊ２,第３３節第１日,2021/10/9,土,niigata,新潟,yamaguchi,山口,1,0,25709,デンカＳ,9258
2021,Ｊ２,第３３節第１日,2021/10/9,土,kofu,甲府,ryukyu,琉球,1,0,25708,ＪＩＴス,4419
2021,Ｊ２,第３３節第１日,2021/10/9,土,omiya,大宮,kanazawa,金沢,2,2,25706,ＮＡＣＫ,4690
2021,Ｊ２,第３３節第１日,2021/10/9,土,tokyov,東京Ｖ,okayama,岡山,1,2,25707,味スタ,3204
2021,Ｊ２,第３３節第１日,2021/10/9,土,iwata,磐田,kitakyushu,北九州,4,1,25710,ヤマハ,5662
2021,Ｊ３,第２２節第１日,2021/10/9,土,ysyokohama,YS横浜,nagano,長野,0,0,25964,ニッパツ,825
2021,Ｊ３,第２２節第１日,2021/10/9,土,morioka,岩手,tottori,鳥取,2,1,25963,いわスタ,2003
2021,Ｊ２,第３３節第２日,2021/10/10,日,yamagata,山形,akita,秋田,2,1,25711,ＮＤスタ,6779
2021,Ｊ２,第３３節第２日,2021/10/10,日,kyoto,京都,sagamihara,相模原,2,1,25715,サンガＳ,5911
2021,Ｊ２,第３３節第２日,2021/10/10,日,mito,水戸,kusatsu,群馬,2,1,25712,Ｋｓスタ,3641
2021,Ｊ２,第３３節第２日,2021/10/10,日,matsumoto,松本,tochigi,栃木,0,1,25714,サンアル,7740
2021,Ｊ２,第３３節第２日,2021/10/10,日,machida,町田,chiba,千葉,0,1,25713,Ｇスタ,2525
2021,Ｊ２,第３３節第２日,2021/10/10,日,ehime,愛媛,nagasaki,長崎,0,2,25716,ニンスタ,2083
2021,Ｊ３,第２２節第２日,2021/10/10,日,hachinohe,八戸,kumamoto,熊本,0,5,25965,プラスタ,1085
2021,Ｊ３,第２２節第２日,2021/10/10,日,imabari,今治,miyazaki,宮崎,0,1,25969,夢スタ,1751
2021,Ｊ３,第２２節第２日,2021/10/10,日,fukushima,福島,kagoshima,鹿児島,1,1,25966,とうスタ,1011
2021,Ｊ３,第２２節第２日,2021/10/10,日,fujieda,藤枝,numazu,沼津,5,1,25967,藤枝サ,1622
2021,Ｊ３,第２２節第２日,2021/10/10,日,sanuki,讃岐,gifu,岐阜,0,0,25968,ピカスタ,1620
2021,Ｊ１,第３２節第２日,2021/10/16,土,tosu,鳥栖,shonan,湘南,1,1,25292,駅スタ,8190
2021,Ｊ１,第３２節第２日,2021/10/16,土,shimizu,清水,kashiwa,柏,0,1,25289,アイスタ,7979
2021,Ｊ１,第３２節第２日,2021/10/16,土,urawa,浦和,gosaka,Ｇ大阪,1,1,25285,埼玉,10233
2021,Ｊ１,第３２節第２日,2021/10/16,土,yokohamafc,横浜FC,tokushima,徳島,5,3,25288,ニッパツ,5349
2021,Ｊ１,第３２節第２日,2021/10/16,土,kobe,神戸,fukuoka,福岡,1,0,25290,ノエスタ,11301
2021,Ｊ１,第３２節第２日,2021/10/16,土,yokohamafm,横浜FM,sapporo,札幌,2,1,25287,日産ス,11502
2021,Ｊ２,第３４節第１日,2021/10/16,土,akita,秋田,machida,町田,0,2,25717,ソユスタ,1281
2021,Ｊ２,第３４節第１日,2021/10/16,土,sagamihara,相模原,yamagata,山形,0,1,25718,ギオンス,2362
2021,Ｊ２,第３４節第１日,2021/10/16,土,kitakyushu,北九州,tokyov,東京Ｖ,2,2,25719,ミクスタ,2790
2021,Ｊ２,第３４節第１日,2021/10/16,土,nagasaki,長崎,niigata,新潟,1,1,25720,トラスタ,5415
2021,Ｊ２,第３４節第１日,2021/10/16,土,ryukyu,琉球,ehime,愛媛,0,1,25721,タピスタ,1782
2021,Ｊ３,第２３節第１日,2021/10/16,土,numazu,沼津,kumamoto,熊本,1,3,25976,愛鷹,1202
2021,Ｊ１,第３２節第３日,2021/10/17,日,oita,大分,sendai,仙台,2,0,25293,昭和電ド,8897
2021,Ｊ２,第３４節第２日,2021/10/17,日,okayama,岡山,matsumoto,松本,3,0,25726,Ｃスタ,5032
2021,Ｊ２,第３４節第２日,2021/10/17,日,kanazawa,金沢,kofu,甲府,1,2,25725,石川西部,2597
2021,Ｊ２,第３４節第２日,2021/10/17,日,tochigi,栃木,iwata,磐田,1,1,25722,カンセキ,8209
2021,Ｊ２,第３４節第２日,2021/10/17,日,yamaguchi,山口,mito,水戸,2,2,25727,ＳＶ下関,2820
2021,Ｊ２,第３４節第２日,2021/10/17,日,chiba,千葉,omiya,大宮,2,1,25724,フクアリ,4982
2021,Ｊ２,第３４節第２日,2021/10/17,日,kusatsu,群馬,kyoto,京都,1,1,25723,正田スタ,1840
2021,Ｊ３,第２３節第２日,2021/10/17,日,toyama,富山,sanuki,讃岐,1,0,25972,富山,2070
2021,Ｊ３,第２３節第２日,2021/10/17,日,hachinohe,八戸,fukushima,福島,1,1,25970,プラスタ,877
2021,Ｊ３,第２３節第２日,2021/10/17,日,miyazaki,宮崎,kagoshima,鹿児島,3,2,25975,ユニスタ,1547
2021,Ｊ３,第２３節第２日,2021/10/17,日,tottori,鳥取,ysyokohama,YS横浜,1,2,25974,Ａｘｉｓ,739
2021,Ｊ３,第２３節第２日,2021/10/17,日,nagano,長野,fujieda,藤枝,1,3,25971,長野Ｕ,1765
2021,Ｊ３,第２３節第２日,2021/10/17,日,gifu,岐阜,morioka,岩手,2,2,25973,長良川,3151
2021,Ｊ３,第２０節第３日,2021/10/20,水,hachinohe,八戸,nagano,長野,0,0,25949,プラスタ,315
2021,Ｊ１,第３３節第１日,2021/10/22,金,urawa,浦和,kashiwa,柏,5,1,25294,埼玉,11172
2021,Ｊ１,第３３節第２日,2021/10/23,土,sendai,仙台,hiroshima,広島,2,0,25296,ユアスタ,6236
2021,Ｊ１,第３３節第２日,2021/10/23,土,ftokyo,FC東京,kashima,鹿島,1,2,25297,味スタ,9748
2021,Ｊ１,第３３節第２日,2021/10/23,土,tokushima,徳島,oita,大分,1,1,25303,鳴門大塚,6488
2021,Ｊ１,第３３節第２日,2021/10/23,土,shonan,湘南,yokohamafc,横浜FC,2,1,25299,レモンＳ,6212
2021,Ｊ１,第３３節第２日,2021/10/23,土,gosaka,Ｇ大阪,tosu,鳥栖,1,0,25301,パナスタ,9886
2021,Ｊ２,第３５節第１日,2021/10/23,土,yamagata,山形,kusatsu,群馬,1,0,25728,ＮＤスタ,4428
2021,Ｊ２,第３５節第１日,2021/10/23,土,omiya,大宮,kitakyushu,北九州,3,1,25729,ＮＡＣＫ,4616
2021,Ｊ２,第３５節第１日,2021/10/23,土,kofu,甲府,nagasaki,長崎,2,1,25730,ＪＩＴス,5704
2021,Ｊ２,第３５節第１日,2021/10/23,土,niigata,新潟,akita,秋田,1,2,25731,デンカＳ,8662
2021,Ｊ２,第３５節第１日,2021/10/23,土,iwata,磐田,ehime,愛媛,2,2,25732,エコパ,8021
2021,Ｊ３,第２４節第１日,2021/10/23,土,fujieda,藤枝,morioka,岩手,2,2,25977,藤枝サ,842
2021,Ｊ３,第２４節第１日,2021/10/23,土,kagoshima,鹿児島,numazu,沼津,3,1,25978,白波スタ,2885
2021,Ｊ１,第３３節第３日,2021/10/24,日,sapporo,札幌,fukuoka,福岡,0,0,25295,札幌ド,9392
2021,Ｊ１,第３３節第３日,2021/10/24,日,nagoya,名古屋,kobe,神戸,2,2,25300,豊田ス,19257
2021,Ｊ１,第３３節第３日,2021/10/24,日,kawasakif,川崎Ｆ,shimizu,清水,1,0,25298,等々力,11576
2021,Ｊ１,第３３節第３日,2021/10/24,日,cosaka,Ｃ大阪,yokohamafm,横浜FM,2,1,25302,ヨドコウ,9635
2021,Ｊ２,第３５節第２日,2021/10/24,日,tokyov,東京Ｖ,chiba,千葉,1,5,25734,味スタ,3508
2021,Ｊ２,第３５節第２日,2021/10/24,日,kyoto,京都,yamaguchi,山口,1,1,25738,サンガＳ,6432
2021,Ｊ２,第３５節第２日,2021/10/24,日,machida,町田,tochigi,栃木,0,0,25735,Ｇスタ,3542
2021,Ｊ２,第３５節第２日,2021/10/24,日,mito,水戸,okayama,岡山,1,1,25733,Ｋｓスタ,3507
2021,Ｊ２,第３５節第２日,2021/10/24,日,sagamihara,相模原,kanazawa,金沢,1,1,25736,ギオンス,4147
2021,Ｊ２,第３５節第２日,2021/10/24,日,matsumoto,松本,ryukyu,琉球,1,2,25737,サンアル,6728
2021,Ｊ３,第２４節第２日,2021/10/24,日,imabari,今治,toyama,富山,4,2,25983,夢スタ,1936
2021,Ｊ３,第２４節第２日,2021/10/24,日,ysyokohama,YS横浜,hachinohe,八戸,2,1,25980,ニッパツ,1250
2021,Ｊ３,第２４節第２日,2021/10/24,日,fukushima,福島,miyazaki,宮崎,2,1,25979,Ｊスタ,554
2021,Ｊ３,第２４節第２日,2021/10/24,日,gifu,岐阜,nagano,長野,3,2,25981,長良川,4805
2021,Ｊ３,第２４節第２日,2021/10/24,日,kumamoto,熊本,sanuki,讃岐,0,0,25982,えがおＳ,3196
2021,Ｊ２,第３６節第１日,2021/10/30,土,akita,秋田,kanazawa,金沢,1,1,25739,ソユスタ,1868
2021,Ｊ２,第３６節第１日,2021/10/30,土,omiya,大宮,iwata,磐田,1,2,25741,ＮＡＣＫ,5712
2021,Ｊ２,第３６節第１日,2021/10/30,土,nagasaki,長崎,mito,水戸,2,1,25746,トラスタ,5022
2021,Ｊ２,第３６節第１日,2021/10/30,土,chiba,千葉,yamaguchi,山口,0,0,25742,フクアリ,4266
2021,Ｊ２,第３６節第１日,2021/10/30,土,kusatsu,群馬,matsumoto,松本,1,0,25740,正田スタ,3133
2021,Ｊ２,第３６節第１日,2021/10/30,土,kitakyushu,北九州,sagamihara,相模原,1,2,25745,ミクスタ,3090
2021,Ｊ２,第３６節第１日,2021/10/30,土,ehime,愛媛,kyoto,京都,0,1,25744,ニンスタ,3369
2021,Ｊ２,第３６節第１日,2021/10/30,土,tokyov,東京Ｖ,kofu,甲府,0,0,25743,味スタ,3611
2021,Ｊ２,第３６節第１日,2021/10/30,土,ryukyu,琉球,machida,町田,0,0,25747,タピスタ,2313
2021,Ｊ３,第２５節第１日,2021/10/30,土,morioka,岩手,fukushima,福島,2,1,25984,いわスタ,1134
2021,Ｊ３,第２５節第１日,2021/10/30,土,toyama,富山,ysyokohama,YS横浜,0,1,25985,富山,3205
2021,Ｊ２,第３６節第２日,2021/10/31,日,okayama,岡山,niigata,新潟,1,1,25749,Ｃスタ,5578
2021,Ｊ２,第３６節第２日,2021/10/31,日,tochigi,栃木,yamagata,山形,1,2,25748,栃木グ,3713
2021,Ｊ３,第２５節第２日,2021/10/31,日,nagano,長野,tottori,鳥取,3,2,25986,長野Ｕ,1977
2021,Ｊ３,第２５節第２日,2021/10/31,日,miyazaki,宮崎,fujieda,藤枝,1,1,25989,ユニスタ,1375
2021,Ｊ３,第２５節第２日,2021/10/31,日,numazu,沼津,gifu,岐阜,1,1,25987,愛鷹,1708
2021,Ｊ３,第２５節第２日,2021/10/31,日,kagoshima,鹿児島,kumamoto,熊本,1,0,25990,白波スタ,4569
2021,Ｊ３,第２５節第２日,2021/10/31,日,sanuki,讃岐,imabari,今治,0,0,25988,ピカスタ,2262
2021,Ｊ１,第３４節第１日,2021/11/3,水・祝,kawasakif,川崎Ｆ,urawa,浦和,1,1,25306,等々力,11603
2021,Ｊ１,第３４節第１日,2021/11/3,水・祝,yokohamafm,横浜FM,gosaka,Ｇ大阪,0,1,25307,日産ス,21528
2021,Ｊ１,第３４節第１日,2021/11/3,水・祝,yokohamafc,横浜FC,tosu,鳥栖,0,0,25308,ニッパツ,6424
2021,Ｊ１,第３４節第１日,2021/11/3,水・祝,ftokyo,FC東京,shimizu,清水,4,0,25305,味スタ,18209
2021,Ｊ１,第３４節第１日,2021/11/3,水・祝,tokushima,徳島,cosaka,Ｃ大阪,0,1,25312,鳴門大塚,7677
2021,Ｊ１,第３４節第１日,2021/11/3,水・祝,nagoya,名古屋,kashiwa,柏,2,0,25309,豊田ス,14435
2021,Ｊ１,第３４節第１日,2021/11/3,水・祝,hiroshima,広島,kashima,鹿島,1,4,25311,Ｅスタ,9626
2021,Ｊ１,第３４節第１日,2021/11/3,水・祝,fukuoka,福岡,oita,大分,1,0,25313,ベススタ,9147
2021,Ｊ１,第３４節第１日,2021/11/3,水・祝,kobe,神戸,sendai,仙台,4,2,25310,ノエスタ,11427
2021,Ｊ１,第３４節第１日,2021/11/3,水・祝,sapporo,札幌,shonan,湘南,1,1,25304,札幌ド,9642
2021,Ｊ２,第３７節第１日,2021/11/3,水・祝,sagamihara,相模原,akita,秋田,0,1,25754,ギオンス,2043
2021,Ｊ２,第３７節第１日,2021/11/3,水・祝,yamaguchi,山口,ryukyu,琉球,2,0,25759,みらスタ,3512
2021,Ｊ２,第３７節第１日,2021/11/3,水・祝,niigata,新潟,iwata,磐田,0,1,25756,デンカＳ,12346
2021,Ｊ２,第３７節第１日,2021/11/3,水・祝,mito,水戸,kitakyushu,北九州,0,0,25751,Ｋｓスタ,2014
2021,Ｊ２,第３７節第１日,2021/11/3,水・祝,kyoto,京都,omiya,大宮,1,0,25758,サンガＳ,7907
2021,Ｊ２,第３７節第１日,2021/11/3,水・祝,tochigi,栃木,chiba,千葉,0,1,25752,栃木グ,3051
2021,Ｊ２,第３７節第１日,2021/11/3,水・祝,yamagata,山形,tokyov,東京Ｖ,1,2,25750,ＮＤスタ,5704
2021,Ｊ２,第３７節第１日,2021/11/3,水・祝,machida,町田,matsumoto,松本,3,2,25753,Ｇスタ,3278
2021,Ｊ２,第３７節第１日,2021/11/3,水・祝,nagasaki,長崎,kusatsu,群馬,4,1,25760,トラスタ,5332
2021,Ｊ２,第３７節第１日,2021/11/3,水・祝,kofu,甲府,okayama,岡山,1,2,25755,ＪＩＴス,5142
2021,Ｊ２,第３７節第１日,2021/11/3,水・祝,kanazawa,金沢,ehime,愛媛,2,1,25757,石川西部,2407
2021,Ｊ１,第３５節第１日,2021/11/6,土,shimizu,清水,sapporo,札幌,2,2,25319,アイスタ,8373
2021,Ｊ１,第３５節第１日,2021/11/6,土,kobe,神戸,tokushima,徳島,1,0,25320,ノエスタ,11807
2021,Ｊ１,第３５節第１日,2021/11/6,土,yokohamafm,横浜FM,ftokyo,FC東京,8,0,25317,日産ス,18307
2021,Ｊ１,第３５節第２日,2021/11/7,日,tosu,鳥栖,kawasakif,川崎Ｆ,3,1,25322,駅スタ,9148
2021,Ｊ１,第３５節第２日,2021/11/7,日,sendai,仙台,nagoya,名古屋,1,1,25314,ユアスタ,8341
2021,Ｊ１,第３５節第２日,2021/11/7,日,oita,大分,gosaka,Ｇ大阪,2,3,25323,昭和電ド,10021
2021,Ｊ１,第３５節第２日,2021/11/7,日,kashima,鹿島,urawa,浦和,1,0,25315,カシマ,16518
2021,Ｊ１,第３５節第２日,2021/11/7,日,shonan,湘南,hiroshima,広島,0,0,25318,レモンＳ,6170
2021,Ｊ１,第３５節第２日,2021/11/7,日,fukuoka,福岡,yokohamafc,横浜FC,1,1,25321,ベススタ,6453
2021,Ｊ１,第３５節第２日,2021/11/7,日,kashiwa,柏,cosaka,Ｃ大阪,1,0,25316,三協Ｆ柏,6458
2021,Ｊ２,第３８節第１日,2021/11/7,日,okayama,岡山,yamagata,山形,1,0,25768,Ｃスタ,4692
2021,Ｊ２,第３８節第１日,2021/11/7,日,akita,秋田,tochigi,栃木,1,1,25761,ソユスタ,2411
2021,Ｊ２,第３８節第１日,2021/11/7,日,omiya,大宮,yamaguchi,山口,1,2,25763,ＮＡＣＫ,5403
2021,Ｊ２,第３８節第１日,2021/11/7,日,chiba,千葉,mito,水戸,2,2,25764,フクアリ,4700
2021,Ｊ２,第３８節第１日,2021/11/7,日,ehime,愛媛,machida,町田,0,0,25769,ニンスタ,2350
2021,Ｊ２,第３８節第１日,2021/11/7,日,matsumoto,松本,niigata,新潟,1,1,25766,サンアル,7750
2021,Ｊ２,第３８節第１日,2021/11/7,日,iwata,磐田,kyoto,京都,1,0,25767,ヤマハ,7469
2021,Ｊ２,第３８節第１日,2021/11/7,日,tokyov,東京Ｖ,nagasaki,長崎,0,3,25765,味スタ,6021
2021,Ｊ２,第３８節第１日,2021/11/7,日,kitakyushu,北九州,kofu,甲府,0,1,25770,ミクスタ,2967
2021,Ｊ２,第３８節第１日,2021/11/7,日,ryukyu,琉球,kanazawa,金沢,2,1,25771,タピスタ,1934
2021,Ｊ２,第３８節第１日,2021/11/7,日,kusatsu,群馬,sagamihara,相模原,1,1,25762,正田スタ,2149
2021,Ｊ３,第２６節第１日,2021/11/7,日,ysyokohama,YS横浜,numazu,沼津,2,1,25993,ニッパツ,1917
2021,Ｊ３,第２６節第１日,2021/11/7,日,tottori,鳥取,fujieda,藤枝,4,3,25995,Ａｘｉｓ,1118
2021,Ｊ３,第２６節第１日,2021/11/7,日,morioka,岩手,kumamoto,熊本,0,0,25992,北上,1609
2021,Ｊ３,第２６節第１日,2021/11/7,日,imabari,今治,fukushima,福島,3,2,25996,夢スタ,1849
2021,Ｊ３,第２６節第１日,2021/11/7,日,hachinohe,八戸,kagoshima,鹿児島,1,1,25991,プラスタ,1061
2021,Ｊ３,第２６節第１日,2021/11/7,日,sanuki,讃岐,miyazaki,宮崎,0,2,25997,ピカスタ,1303
2021,Ｊ３,第２６節第１日,2021/11/7,日,gifu,岐阜,toyama,富山,2,0,25994,長良川,4858
2021,Ｊ２,第３９節第１日,2021/11/13,土,yamaguchi,山口,kitakyushu,北九州,0,1,25773,みらスタ,4482
2021,Ｊ２,第３９節第１日,2021/11/13,土,niigata,新潟,ehime,愛媛,2,0,25772,デンカＳ,7837
2021,Ｊ２,第３９節第１日,2021/11/13,土,nagasaki,長崎,tochigi,栃木,3,0,25774,トラスタ,6795
2021,Ｊ２,第３９節第１日,2021/11/13,土,ryukyu,琉球,chiba,千葉,2,2,25775,タピスタ,1701
2021,Ｊ２,第３９節第２日,2021/11/14,日,sagamihara,相模原,okayama,岡山,2,3,25779,ギオンス,2402
2021,Ｊ２,第３９節第２日,2021/11/14,日,kofu,甲府,matsumoto,松本,3,2,25780,ＪＩＴス,6072
2021,Ｊ２,第３９節第２日,2021/11/14,日,yamagata,山形,omiya,大宮,2,2,25776,ＮＤスタ,6071
2021,Ｊ２,第３９節第２日,2021/11/14,日,mito,水戸,iwata,磐田,1,3,25777,Ｋｓスタ,4574
2021,Ｊ２,第３９節第２日,2021/11/14,日,kyoto,京都,akita,秋田,3,1,25782,サンガＳ,9900
2021,Ｊ２,第３９節第２日,2021/11/14,日,machida,町田,kusatsu,群馬,1,1,25778,Ｇスタ,2832
2021,Ｊ２,第３９節第２日,2021/11/14,日,kanazawa,金沢,tokyov,東京Ｖ,0,4,25781,石川西部,3108
2021,Ｊ３,第２７節第１日,2021/11/14,日,kagoshima,鹿児島,imabari,今治,0,3,26004,白波スタ,4666
2021,Ｊ３,第２７節第１日,2021/11/14,日,fujieda,藤枝,hachinohe,八戸,2,0,26000,藤枝サ,1561
2021,Ｊ３,第２７節第１日,2021/11/14,日,miyazaki,宮崎,gifu,岐阜,4,3,26003,ユニスタ,1318
2021,Ｊ３,第２７節第１日,2021/11/14,日,fukushima,福島,nagano,長野,1,1,25998,Ｊスタ,568
2021,Ｊ３,第２７節第１日,2021/11/14,日,numazu,沼津,tottori,鳥取,2,1,26001,愛鷹,1608
2021,Ｊ３,第２７節第１日,2021/11/14,日,ysyokohama,YS横浜,morioka,岩手,1,3,25999,三ツ沢陸,1110
2021,Ｊ３,第２７節第１日,2021/11/14,日,kumamoto,熊本,toyama,富山,2,2,26002,えがおＳ,4534
2021,Ｊ１,第３６節第１日,2021/11/20,土,gosaka,Ｇ大阪,nagoya,名古屋,1,3,25331,パナスタ,16343
2021,Ｊ１,第３６節第１日,2021/11/20,土,tosu,鳥栖,sapporo,札幌,1,0,25333,駅スタ,7275
2021,Ｊ１,第３６節第１日,2021/11/20,土,ftokyo,FC東京,tokushima,徳島,0,2,25328,味スタ,12670
2021,Ｊ１,第３６節第１日,2021/11/20,土,cosaka,Ｃ大阪,kawasakif,川崎Ｆ,1,4,25332,ヨドコウ,9800
2021,Ｊ１,第３６節第１日,2021/11/20,土,sendai,仙台,shonan,湘南,0,2,25324,ユアスタ,8362
2021,Ｊ１,第３６節第１日,2021/11/20,土,urawa,浦和,yokohamafm,横浜FM,2,1,25326,埼玉,21257
2021,Ｊ１,第３６節第１日,2021/11/20,土,yokohamafc,横浜FC,kobe,神戸,0,2,25329,ニッパツ,7039
2021,Ｊ１,第３６節第１日,2021/11/20,土,shimizu,清水,hiroshima,広島,1,0,25330,アイスタ,8856
2021,Ｊ１,第３６節第１日,2021/11/20,土,kashima,鹿島,oita,大分,0,0,25325,カシマ,11035
2021,Ｊ１,第３６節第１日,2021/11/20,土,kashiwa,柏,fukuoka,福岡,0,0,25327,三協Ｆ柏,5827
2021,Ｊ２,第４０節第１日,2021/11/20,土,iwata,磐田,nagasaki,長崎,2,2,25783,ヤマハ,6929
2021,Ｊ２,第４０節第１日,2021/11/20,土,okayama,岡山,kyoto,京都,0,0,25784,Ｃスタ,6270
2021,Ｊ３,第２８節第１日,2021/11/20,土,fujieda,藤枝,kagoshima,鹿児島,0,1,26005,藤枝サ,1322
2021,Ｊ２,第４０節第２日,2021/11/21,日,akita,秋田,kofu,甲府,0,2,25785,ソユスタ,2664
2021,Ｊ２,第４０節第２日,2021/11/21,日,tokyov,東京Ｖ,ryukyu,琉球,1,1,25791,味スタ,4361
2021,Ｊ２,第４０節第２日,2021/11/21,日,tochigi,栃木,kanazawa,金沢,1,0,25787,カンセキ,4038
2021,Ｊ２,第４０節第２日,2021/11/21,日,kusatsu,群馬,niigata,新潟,0,0,25788,正田スタ,4671
2021,Ｊ２,第４０節第２日,2021/11/21,日,chiba,千葉,kitakyushu,北九州,2,0,25790,フクアリ,4756
2021,Ｊ２,第４０節第２日,2021/11/21,日,omiya,大宮,mito,水戸,1,3,25789,ＮＡＣＫ,5424
2021,Ｊ２,第４０節第２日,2021/11/21,日,yamagata,山形,machida,町田,3,5,25786,ＮＤスタ,5004
2021,Ｊ２,第４０節第２日,2021/11/21,日,ehime,愛媛,sagamihara,相模原,1,2,25793,ニンスタ,2992
2021,Ｊ２,第４０節第２日,2021/11/21,日,matsumoto,松本,yamaguchi,山口,1,1,25792,サンアル,7811
2021,Ｊ３,第２８節第２日,2021/11/21,日,hachinohe,八戸,gifu,岐阜,2,1,26006,プラスタ,2114
2021,Ｊ３,第２８節第２日,2021/11/21,日,morioka,岩手,sanuki,讃岐,3,1,26007,北上,1783
2021,Ｊ３,第２８節第２日,2021/11/21,日,tottori,鳥取,imabari,今治,2,1,26010,Ａｘｉｓ,1255
2021,Ｊ３,第２８節第２日,2021/11/21,日,toyama,富山,miyazaki,宮崎,2,1,26009,富山,4131
2021,Ｊ３,第２８節第２日,2021/11/21,日,kumamoto,熊本,ysyokohama,YS横浜,1,0,26011,えがおＳ,4011
2021,Ｊ３,第２８節第２日,2021/11/21,日,nagano,長野,numazu,沼津,1,1,26008,長野Ｕ,2295
2021,Ｊ１,第３７節第１日,2021/11/27,土,cosaka,Ｃ大阪,nagoya,名古屋,2,1,25339,ヨドコウ,10313
2021,Ｊ１,第３７節第１日,2021/11/27,土,fukuoka,福岡,sendai,仙台,2,2,25342,ベススタ,7663
2021,Ｊ１,第３７節第１日,2021/11/27,土,kawasakif,川崎Ｆ,gosaka,Ｇ大阪,4,1,25337,等々力,14867
2021,Ｊ１,第３７節第１日,2021/11/27,土,kobe,神戸,yokohamafm,横浜FM,0,2,25340,ノエスタ,15013
2021,Ｊ１,第３７節第１日,2021/11/27,土,shonan,湘南,tokushima,徳島,0,1,25338,レモンＳ,6428
2021,Ｊ１,第３７節第１日,2021/11/27,土,oita,大分,yokohamafc,横浜FC,2,0,25343,昭和電ド,8551
2021,Ｊ１,第３７節第１日,2021/11/27,土,urawa,浦和,shimizu,清水,0,1,25336,埼玉,28138
2021,Ｊ１,第３７節第１日,2021/11/27,土,hiroshima,広島,ftokyo,FC東京,1,2,25341,Ｅスタ,11252
2021,Ｊ１,第３７節第１日,2021/11/27,土,sapporo,札幌,kashiwa,柏,3,1,25334,札幌ド,13768
2021,Ｊ１,第３７節第１日,2021/11/27,土,kashima,鹿島,tosu,鳥栖,1,0,25335,カシマ,12645
2021,Ｊ２,第４１節第１日,2021/11/28,日,sagamihara,相模原,matsumoto,松本,1,1,25799,ギオンス,4369
2021,Ｊ２,第４１節第１日,2021/11/28,日,akita,秋田,tokyov,東京Ｖ,1,4,25794,ソユスタ,2685
2021,Ｊ２,第４１節第１日,2021/11/28,日,ryukyu,琉球,niigata,新潟,1,1,25804,タピスタ,3361
2021,Ｊ２,第４１節第１日,2021/11/28,日,yamaguchi,山口,kofu,甲府,0,1,25801,みらスタ,4625
2021,Ｊ２,第４１節第１日,2021/11/28,日,kusatsu,群馬,iwata,磐田,0,0,25796,正田スタ,4816
2021,Ｊ２,第４１節第１日,2021/11/28,日,chiba,千葉,kyoto,京都,0,0,25797,フクアリ,6732
2021,Ｊ２,第４１節第１日,2021/11/28,日,mito,水戸,ehime,愛媛,2,1,25795,Ｋｓスタ,4168
2021,Ｊ２,第４１節第１日,2021/11/28,日,nagasaki,長崎,okayama,岡山,0,1,25803,トラスタ,8025
2021,Ｊ２,第４１節第１日,2021/11/28,日,machida,町田,omiya,大宮,0,0,25798,Ｇスタ,4137
2021,Ｊ２,第４１節第１日,2021/11/28,日,kanazawa,金沢,yamagata,山形,2,1,25800,石川西部,3143
2021,Ｊ２,第４１節第１日,2021/11/28,日,kitakyushu,北九州,tochigi,栃木,1,2,25802,ミクスタ,5638
2021,Ｊ３,第２９節第１日,2021/11/28,日,kagoshima,鹿児島,nagano,長野,0,2,26017,白波スタ,4957
2021,Ｊ３,第２９節第１日,2021/11/28,日,morioka,岩手,toyama,富山,1,0,26012,いわスタ,2453
2021,Ｊ３,第２９節第１日,2021/11/28,日,miyazaki,宮崎,kumamoto,熊本,1,0,26016,ユニスタ,2101
2021,Ｊ３,第２９節第１日,2021/11/28,日,ysyokohama,YS横浜,fukushima,福島,0,2,26013,ニッパツ,1614
2021,Ｊ３,第２９節第１日,2021/11/28,日,imabari,今治,hachinohe,八戸,3,0,26015,夢スタ,2023
2021,Ｊ３,第２９節第１日,2021/11/28,日,sanuki,讃岐,tottori,鳥取,1,3,26018,ピカスタ,2441
2021,Ｊ３,第２９節第１日,2021/11/28,日,gifu,岐阜,fujieda,藤枝,0,0,26014,長良川,5472
2021,Ｊ１,第３８節第１日,2021/12/4,土,yokohamafm,横浜FM,kawasakif,川崎Ｆ,1,1,25347,日産ス,30657
2021,Ｊ１,第３８節第１日,2021/12/4,土,gosaka,Ｇ大阪,shonan,湘南,0,0,25351,パナスタ,16699
2021,Ｊ１,第３８節第１日,2021/12/4,土,nagoya,名古屋,urawa,浦和,0,0,25350,豊田ス,27079
2021,Ｊ１,第３８節第１日,2021/12/4,土,yokohamafc,横浜FC,sapporo,札幌,0,1,25348,ニッパツ,6762
2021,Ｊ１,第３８節第１日,2021/12/4,土,sendai,仙台,kashima,鹿島,0,1,25344,ユアスタ,8569
2021,Ｊ１,第３８節第１日,2021/12/4,土,shimizu,清水,cosaka,Ｃ大阪,2,1,25349,アイスタ,9668
2021,Ｊ１,第３８節第１日,2021/12/4,土,tosu,鳥栖,kobe,神戸,0,2,25353,駅スタ,9975
2021,Ｊ１,第３８節第１日,2021/12/4,土,kashiwa,柏,oita,大分,2,3,25345,三協Ｆ柏,6028
2021,Ｊ１,第３８節第１日,2021/12/4,土,ftokyo,FC東京,fukuoka,福岡,0,0,25346,味スタ,14364
2021,Ｊ１,第３８節第１日,2021/12/4,土,tokushima,徳島,hiroshima,広島,2,4,25352,鳴門大塚,8170
2021,Ｊ２,第４２節第１日,2021/12/5,日,omiya,大宮,kusatsu,群馬,3,1,25807,ＮＡＣＫ,5581
2021,Ｊ２,第４２節第１日,2021/12/5,日,yamagata,山形,kitakyushu,北九州,5,1,25805,ＮＤスタ,6388
2021,Ｊ２,第４２節第１日,2021/12/5,日,niigata,新潟,machida,町田,0,2,25811,デンカＳ,11955
2021,Ｊ２,第４２節第１日,2021/12/5,日,ehime,愛媛,yamaguchi,山口,1,1,25815,ニンスタ,3022
2021,Ｊ２,第４２節第１日,2021/12/5,日,tochigi,栃木,ryukyu,琉球,1,2,25806,カンセキ,5676
2021,Ｊ２,第４２節第１日,2021/12/5,日,matsumoto,松本,nagasaki,長崎,1,2,25810,サンアル,7597
2021,Ｊ２,第４２節第１日,2021/12/5,日,iwata,磐田,akita,秋田,2,1,25812,ヤマハ,6986
2021,Ｊ２,第４２節第１日,2021/12/5,日,tokyov,東京Ｖ,sagamihara,相模原,3,0,25808,味スタ,7505
2021,Ｊ２,第４２節第１日,2021/12/5,日,kofu,甲府,mito,水戸,3,3,25809,ＪＩＴス,5791
2021,Ｊ２,第４２節第１日,2021/12/5,日,okayama,岡山,chiba,千葉,1,3,25814,Ｃスタ,6813
2021,Ｊ２,第４２節第１日,2021/12/5,日,kyoto,京都,kanazawa,金沢,0,0,25813,サンガＳ,9608
2021,Ｊ３,第３０節第１日,2021/12/5,日,fukushima,福島,sanuki,讃岐,1,1,26019,Ｊスタ,1100
2021,Ｊ３,第３０節第１日,2021/12/5,日,toyama,富山,kagoshima,鹿児島,1,1,26021,富山,3619
2021,Ｊ３,第３０節第１日,2021/12/5,日,fujieda,藤枝,ysyokohama,YS横浜,0,3,26022,藤枝サ,2323
2021,Ｊ３,第３０節第１日,2021/12/5,日,tottori,鳥取,hachinohe,八戸,3,0,26024,Ａｘｉｓ,1584
2021,Ｊ３,第３０節第１日,2021/12/5,日,nagano,長野,imabari,今治,0,0,26020,長野Ｕ,3032
2021,Ｊ３,第３０節第１日,2021/12/5,日,kumamoto,熊本,gifu,岐阜,2,0,26025,えがおＳ,11314
2021,Ｊ３,第３０節第１日,2021/12/5,日,numazu,沼津,morioka,岩手,1,1,26023,愛鷹,2743
